ID SENTENÇA ,SENTENÇA ,ID EXTRAÇÃO ,ARG1 ,REL ,ARG2 ,COERÊNCIA ,MINIMALIDADE ,MÓDULO SUJEITO ,MÓDULO RELAÇÃO ,MÓDULO ARG2,SISTEMA
1,"Arraiá de a Xuxa foi a décima turnê de a apresentadora e cantora Xuxa , baseada en o álbum Arraiá de a Xuxa . ",1.0,Arraiá de a Xuxa , foi a décima turnê,de a apresentadora e cantora Xuxa ,,,1,1,1,dptoie
,,2.0,Arraiá de a Xuxa , foi a décima turnê,"de a apresentadora e cantora Xuxa , baseada en o álbum Arraiá de a Xuxa ",,,1,1,1,dptoie
,,3.0,Arraiá de a Xuxa , foi a décima turnê,baseada en o álbum Arraiá de a Xuxa ,,,1,1,0,dptoie
,,4.0,Arraiá de a Xuxa , foi a décima turnê,de a apresentadora ,,,1,1,2,dptoie
,,5.0,Arraiá de a Xuxa , foi a décima turnê,de cantora Xuxa ,,,1,1,2,dptoie
,,6.0,cantora , é,Xuxa ,,,1,3,3,dptoie
,,7.0,o álbum , é,Arraiá de a Xuxa ,,,1,3,3,dptoie
,,8.0,Arraiá de a Xuxa , foi,a décima turnê ,,,1,5,1,dptoie
,,9.0,Arraiá de a Xuxa , foi,de a apresentadora e cantora Xuxa ,,,1,5,1,dptoie
2,O World Fantasy Award é entregue durante o evento . ,1.0,O World Fantasy Award , é entregue,durante o evento ,,,1,1,1,dptoie
3,"en o norte se inicia en a tríplice fronteira de os dois países com o sul de Burkina Faso e vai até o sul , en o porto ganês de Beyin , en o litoral de o Golfo de a Guiné ( Oceano Atlântico ) . ",1.0,o Golfo de a Guiné , é,( Oceano Atlântico ) ,,,1,3,3,dptoie
4,"De início recebido com frieza por a família , Marcondes conquista logo a afeição de Pedroca “ procurando contentá - lo em todos os desejos , prestando - se a as suas pequenas exigências ” e , com seu jeito de boêmio , seus ares “ dramáticos de d. ",1.0,a afeição de Pedroca “ , procurando,contentá - lo ,,,1,1,1,dptoie
,,2.0,a afeição de Pedroca “ , procurando,contentá - lo em todos os desejos ,,,1,1,1,dptoie
,,3.0,a afeição de Pedroca “ , procurando,"contentá - lo em todos os desejos e , com seu jeito de boêmio , seus ares “ dramáticos de d. ",,,1,1,1,dptoie
,,4.0,a afeição de Pedroca “ , procurando,contentá - lo em todos os desejos recebido De início ,,,1,1,1,dptoie
,,5.0,a afeição de Pedroca “ , procurando,contentá - lo em todos os desejos recebido De início com frieza ,,,1,1,1,dptoie
,,6.0,a afeição de Pedroca “ , procurando,contentá - lo em todos os desejos recebido De início com frieza por a família ,,,1,1,1,dptoie
,,7.0,a afeição de Pedroca “ , procurando,"contentá - lo em todos os desejos recebido De início com frieza por a família , Marcondes conquista logo ",,,1,1,1,dptoie
,,8.0,a afeição de Pedroca “ , prestando -,a as suas pequenas exigências ,,,1,2,1,dptoie
5,"Twin Shadow é o nome artístico de músico americano George Lewis Jr nascido en a República Dominicana em 1983 e cresceu en o Brooklyn em Nova Iorque , Estados Unidos . ",1.0,Twin Shadow , é o nome,artístico de músico americano George Lewis Jr nascido en a República Dominicana ,,,1,1,1,dptoie
,,2.0,Twin Shadow , é o nome,artístico de músico americano George Lewis Jr nascido en a República Dominicana em 1983 ,,,1,1,1,dptoie
,,3.0,Twin Shadow , é o nome,de músico americano George Lewis Jr nascido en a República Dominicana ,,,1,1,0,dptoie
,,4.0,Twin Shadow , é o nome,de músico americano George Lewis Jr em 1983 ,,,1,1,0,dptoie
,,5.0,Twin Shadow , cresceu,en o Brooklyn ,,,1,2,1,dptoie
,,6.0,Twin Shadow , cresceu,"en o Brooklyn em Nova Iorque , Estados Unidos ",,,1,2,1,dptoie
,,7.0,Twin Shadow , cresceu,"em Nova Iorque , Estados Unidos ",,,1,2,0,dptoie
,,8.0,músico americano , é,George Lewis Jr ,,,1,3,3,dptoie
,,9.0,Nova Iorque , é,Estados Unidos ,,,1,3,3,dptoie
,,10.0,Twin Shadow , é,o nome artístico ,,,1,5,1,dptoie
6,"Para ganhar a confiança de Sophie de volta , Krusty tenta recuperar o violino de a residência de Fat Tony com a ajuda de Homer . ",1.0,Krusty , tenta,recuperar o violino de a residência de Fat Tony ,,,1,1,1,dptoie
,,2.0,Krusty , tenta,recuperar o violino de a residência de Fat Tony com a ajuda de Homer ,,,1,1,1,dptoie
,,3.0,Krusty , tenta,recuperar o violino de a residência de Fat Tony com a ajuda de Homer Para ganhar a confiança de Sophie de volta ,,,1,1,1,dptoie
7,Kitty Gordon ( 22 de abril de 1878 – 26 de maio de 1974 ) foi uma atriz britânica de cinema e teatro . ,1.0,Kitty Gordon ( 22 de abril de 1878 – 26 de maio de 1974 ) , foi uma atriz,britânica de cinema e teatro ,,,1,1,1,dptoie
,,2.0,Kitty Gordon ( 22 de abril de 1878 – 26 de maio de 1974 ) , foi uma atriz,de cinema e teatro ,,,1,1,0,dptoie
,,3.0,Kitty Gordon ( 22 de abril de 1878 – 26 de maio de 1974 ) , foi uma atriz,britânica de cinema ,,,1,1,2,dptoie
,,4.0,Kitty Gordon ( 22 de abril de 1878 – 26 de maio de 1974 ) , foi uma atriz,britânica de teatro ,,,1,1,2,dptoie
,,5.0,Kitty Gordon ( 22 de abril de 1878 – 26 de maio de 1974 ) , foi,uma atriz britânica ,,,1,5,1,dptoie
8,"Sua dispersão é uniforme , mas em baixa densidade , tanto em formações primárias quanto secundárias . ",1.0,Sua dispersão , é,uniforme ,,,1,1,1,dptoie
,,2.0,Sua dispersão , é,"uniforme , mas em baixa densidade , tanto em formações primárias quanto secundárias ",,,1,1,1,dptoie
9,"Horntown é uma cidade localizada en o estado norte - americano de Oklahoma , en o Condado de Hughes . ",1.0,Horntown , é uma cidade,localizada en o estado norte - americano de Oklahoma ,,,1,1,1,dptoie
,,2.0,Horntown , é uma cidade,"localizada en o estado norte - americano de Oklahoma , en o Condado de Hughes ",,,1,1,1,dptoie
,,3.0,Horntown , é uma cidade,"localizada , en o Condado de Hughes ",,,1,1,0,dptoie
,,4.0,Horntown , é,uma cidade localizada en o estado norte - americano ,,,1,5,1,dptoie
10,O Presidente de a África de o Sul é o chefe de Estado e de governo de a nação sul - africana . ,1.0,O Presidente de a África de o Sul , é o chefe,de Estado e de governo de a nação sul - africana ,,,1,1,1,dptoie
,,2.0,O Presidente de a África de o Sul , é o chefe,de Estado ,,,1,1,2,dptoie
,,3.0,O Presidente de a África de o Sul , é o chefe,de governo ,,,1,1,2,dptoie
,,4.0,O Presidente de a África de o Sul , é,o chefe ,,,1,5,1,dptoie
,,5.0,O Presidente de a África de o Sul , é,de Estado e de governo ,,,1,5,1,dptoie
11,Foi desenvolvido como parte de o programa Oko de satélites artificiais . ,1.0,o programa , é,Oko de satélites artificiais ,,,1,3,3,dptoie
12,"en a década de 1950 , quando já se tinha a a disposição uma nova instrumentação , especialmente foguetes e sismógrafos , inspiraram a o cientista norte - americano Lloyd Berkner a propor um terceiro Ano Polar . ",1.0,o cientista norte - americano , é,Lloyd Berkner ,,,1,3,3,dptoie
,,2.0,um terceiro , é,Ano Polar ,,,1,3,3,dptoie
13,As filmagens começaram em 11 de setembro de 2011 . ,1.0,As filmagens , começaram,em 11 de setembro de 2011 ,,,1,1,1,dptoie
14,Dalmau IV de Rocabertí Visconde de Rocabertí foi e Duque substituto en o Ducado de Atenas entre 1381 e 1388 . ,1.0,Dalmau IV de Rocabertí Visconde de Rocabertí , foi e Duque substituto,en o Ducado de Atenas ,,,1,1,1,dptoie
,,2.0,Dalmau IV de Rocabertí Visconde de Rocabertí , foi e Duque substituto,en o Ducado de Atenas entre 1381 e 1388 ,,,1,1,1,dptoie
,,3.0,Dalmau IV de Rocabertí Visconde de Rocabertí , foi e Duque substituto,entre 1381 e 1388 ,,,1,1,0,dptoie
,,4.0,Dalmau IV de Rocabertí Visconde de Rocabertí , foi e Duque substituto,en o Ducado de Atenas entre 1381 ,,,1,1,2,dptoie
,,5.0,Dalmau IV de Rocabertí Visconde de Rocabertí , foi e Duque substituto,en o Ducado de Atenas entre 1388 ,,,1,1,2,dptoie
15,"Tal percepção é visível por quem transita por a principal via de a cidade de Canindé de São Francisco e condiz com a impressão que os visitantes de os mais diversos estados brasileiros têm a o visitar os cânions de o Rio São Francisco , quando notam a limpeza e organização presente en a cultura de o povo local . ",1.0,Tal percepção , é,visível ,,,1,1,1,dptoie
,,2.0,os visitantes de os mais diversos estados brasileiros , têm,a o visitar os cânions de o Rio São Francisco ,,,1,1,1,dptoie
,,3.0,os visitantes de os mais diversos estados brasileiros , têm,a o visitar os cânions de o Rio São Francisco quando notam a limpeza e organização presente ,,,1,1,1,dptoie
,,4.0,os visitantes de os mais diversos estados brasileiros , têm,a o visitar os cânions de o Rio São Francisco quando notam a limpeza e organização presente en a cultura de o povo local ,,,1,1,1,dptoie
,,5.0,os visitantes de os mais diversos estados brasileiros , têm,que ,,,1,1,1,dptoie
,,6.0,os visitantes de os mais diversos estados brasileiros , têm,a o visitar quando notam a limpeza e organização presente ,,,1,1,0,dptoie
,,7.0,os visitantes de os mais diversos estados brasileiros , têm,a o visitar quando notam a limpeza e organização en a cultura de o povo local ,,,1,1,0,dptoie
,,8.0,os visitantes de os mais diversos estados brasileiros , têm,a o visitar os cânions de o Rio São Francisco quando notam a limpeza ,,,1,1,2,dptoie
,,9.0,os visitantes de os mais diversos estados brasileiros , têm,a o visitar os cânions de o Rio São Francisco quando notam a limpeza que ,,,1,1,2,dptoie
,,10.0,os visitantes de os mais diversos estados brasileiros , têm,a o visitar os cânions de o Rio São Francisco quando notam organização presente ,,,1,1,2,dptoie
,,11.0,os visitantes de os mais diversos estados brasileiros , têm,a o visitar os cânions de o Rio São Francisco quando notam organização presente que ,,,1,1,2,dptoie
,,12.0,o Rio , é,São Francisco ,,,1,3,3,dptoie
16,"O CSKA venceu 5 Campeonatos Russos , sete Campeonatos Soviéticos , sete Copas de a Rússia e cinco Copas de a União Soviética . ",1.0,O CSKA , venceu,5 Campeonatos Russos ,,,1,1,1,dptoie
,,2.0,O CSKA , venceu,"5 Campeonatos Russos , sete Campeonatos Soviéticos ",,,1,1,1,dptoie
,,3.0,O CSKA , venceu,"5 Campeonatos Russos , sete Campeonatos Soviéticos , sete Copas de a Rússia ",,,1,1,1,dptoie
,,4.0,O CSKA , venceu,"5 Campeonatos Russos , sete Campeonatos Soviéticos , sete Copas de a Rússia e cinco Copas de a União Soviética ",,,1,1,1,dptoie
,,5.0,O CSKA , venceu,"5 Campeonatos , sete Campeonatos Soviéticos ",,,1,1,0,dptoie
,,6.0,O CSKA , venceu,5 Campeonatos sete Copas de a Rússia ,,,1,1,0,dptoie
,,7.0,O CSKA , venceu,5 Campeonatos sete Copas e cinco Copas de a União Soviética ,,,1,1,0,dptoie
,,8.0,O CSKA , venceu,"5 Campeonatos Russos , sete Campeonatos Soviéticos , de a Rússia cinco Copas de a União Soviética ",,,1,1,2,dptoie
,,9.0,5 Campeonatos , é,Russos ,,,1,3,3,dptoie
17,"Este pertência a o Rei de Soleanna , um homem que almejava o poder para viajar através de o tempo . ",1.0,um homem , almejava,o poder ,,,2,1,1,dptoie
,,2.0,um homem , almejava,o poder para viajar através de o tempo ,,,2,1,1,dptoie
18,"Lançada em 1997 , a canção foi terceiro single de o álbum Everywhere . ",1.0,a canção , foi,Lançada em 1997 ,,,1,1,1,dptoie
,,2.0,o álbum , é,Everywhere ,,,1,3,3,dptoie
19,"Passa por muitas praias de a Costa de a Prata , entre elas : Valadares , Espinho , Esmoriz , Ovar , Mira , Figueira de a Foz e Termas de Monte Real . ",,,,,,,,,,dptoie
20,"A única esperança para os sobreviventes é Kit Latura ( Sylvester Stallone ) , um ex - bombeiro que precisará entrar en o túnel e resgatar as vítimas antes que o ar se esgote , ou que o próprio túnel desabe . ",1.0,A única esperança para os sobreviventes , é Kit Latura,( Sylvester Stallone ) ,,,1,1,1,dptoie
,,2.0,A única esperança para os sobreviventes , é Kit Latura,"( Sylvester Stallone ) , um ex - bombeiro que precisará entrar en o túnel ",,,1,1,1,dptoie
,,3.0,A única esperança para os sobreviventes , é Kit Latura,"( Sylvester Stallone ) , um ex - bombeiro que precisará entrar en o túnel e resgatar as vítimas ",,,1,1,1,dptoie
,,4.0,A única esperança para os sobreviventes , é Kit Latura,um ex - bombeiro que precisará entrar en o túnel ,,,1,1,0,dptoie
,,5.0,A única esperança para os sobreviventes , é Kit Latura,um ex - bombeiro que precisará entrar e resgatar as vítimas ,,,1,1,0,dptoie
,,6.0,um ex - bombeiro , precisará,entrar en o túnel ,,,2,1,1,dptoie
,,7.0,um ex - bombeiro , precisará,entrar en o túnel e resgatar as vítimas ,,,2,1,1,dptoie
,,8.0,Kit Latura , é,( Sylvester Stallone ) ,,,1,3,3,dptoie
,,9.0,A única esperança para os sobreviventes , é,Kit Latura ( Sylvester Stallone ,,,1,5,1,dptoie
,,10.0,A única esperança para os sobreviventes , é,que o próprio túnel desabe ,,,1,5,1,dptoie
,,11.0,A única esperança para os sobreviventes , é Kit Latura,"( Sylvester Stallone ) , um ex - bombeiro que precisará entrar en o túnel e resgatar as vítimas antes que ",,,x,x,x,dptoie
,,11.1,o ar , se esgote,,x,x,1,1,0,dptoie
,,12.0,A única esperança para os sobreviventes , é Kit Latura,antes que ,,,x,x,x,dptoie
,,12.1,o ar , se esgote,,x,x,1,1,0,dptoie
21,"Sua população estimada em 2004 era de 3 528 habitantes e em 2007 de 3 570 habitantes , segundo dados de o IBGE . ",1.0,Sua população , era,de 3 528 habitantes ,,,1,1,1,dptoie
,,2.0,Sua população , era,"de 3 528 habitantes e em 2007 de 3 570 habitantes , segundo dados de o IBGE ",,,1,1,1,dptoie
,,3.0,Sua população , era,segundo dados de o IBGE ,,,1,1,0,dptoie
,,4.0,Sua população , estimada,em 2004 ,,,1,1,1,dptoie
22,O diagrama seguinte representa as localidades em um raio de 8 km a o redor de Muniz . ,1.0,O diagrama seguinte , representa,as localidades em um raio de 8 km ,,,1,1,1,dptoie
,,2.0,O diagrama seguinte , representa,as localidades em um raio de 8 km a o redor de Muniz ,,,1,1,1,dptoie
23,"Em 2007 , Tiago foi o goleiro com mais gols en o Brasil , foram 13 en o total , contra 10 de o rival e ídolo Rogério Ceni , sendo 9 en a disputa de a Séria B de o Campeonato Brasileiro . ",1.0,Tiago , foi,o goleiro ,,,1,1,1,dptoie
,,2.0,Tiago , foi,o goleiro com mais gols en o Brasil ,,,1,1,1,dptoie
,,3.0,Tiago , foi,"o goleiro com mais gols en o Brasil , 13 en o total ",,,1,1,1,dptoie
,,4.0,Tiago , foi,"o goleiro com mais gols en o Brasil , 13 en o total , contra 10 de o rival e ídolo Rogério Ceni ",,,1,1,1,dptoie
,,5.0,Tiago , foi,"o goleiro com mais gols en o Brasil , 13 en o total , contra 10 de o rival e ídolo Rogério Ceni , sendo ",,,1,1,1,dptoie
,,6.0,Tiago , foi,o goleiro Em 2007 ,,,1,1,1,dptoie
,,7.0,Tiago , foi,o goleiro 13 en o total ,,,1,1,0,dptoie
,,8.0,Tiago , foi,"o goleiro , contra 10 de o rival e ídolo Rogério Ceni ",,,1,1,0,dptoie
,,9.0,Tiago , foi,"o goleiro , sendo ",,,1,1,0,dptoie
,,10.0,Tiago , foi,"o goleiro com mais gols en o Brasil , 13 en o total , contra 10 de o rival ",,,1,1,2,dptoie
,,11.0,Tiago , foi,"o goleiro com mais gols en o Brasil , 13 en o total , contra 10 de o rival Em 2007 ",,,1,1,2,dptoie
,,12.0,Tiago , foi,"o goleiro com mais gols en o Brasil , 13 en o total , contra 10 de ídolo ",,,1,1,2,dptoie
,,13.0,Tiago , foi,"o goleiro com mais gols en o Brasil , 13 en o total , contra 10 de ídolo Em 2007 ",,,1,1,2,dptoie
,,14.0,o rival , é,Rogério Ceni ,,,1,3,3,dptoie
24,"O seu significado é celeiro , despenseiro . ",1.0,O seu significado , é celeiro,despenseiro ,,,1,1,1,dptoie
,,2.0,O seu significado , é,"celeiro , despenseiro ",,,1,5,1,dptoie
25,"Naganuma ( asteróide 15350 ) é um asteróide de a cintura principal , a 1,7205248 UA . ",1.0,Naganuma , é um asteróide,de a cintura principal ,,,1,1,1,dptoie
,,2.0,Naganuma , é um asteróide,"de a cintura principal , a 1,7205248 UA ",,,1,1,1,dptoie
,,3.0,Naganuma , é um asteróide,"a 1,7205248 UA ",,,1,1,0,dptoie
,,4.0,Naganuma , é,um asteróide de a cintura principal ,,,1,5,1,dptoie
26,A galáxia NGC 3158 foi descoberta em 17 de Março de 1787 por William Herschel . ,1.0,A galáxia , foi descoberta,em 17 de Março de 1787 ,,,1,1,1,dptoie
,,2.0,A galáxia , foi descoberta,em 17 de Março de 1787 por William Herschel ,,,1,1,1,dptoie
,,3.0,A galáxia , foi descoberta,por William Herschel ,,,1,1,0,dptoie
,,4.0,A galáxia , é,NGC 3158 ,,,1,3,3,dptoie
,,5.0,NGC 3158 , foi descoberta,em 17 de Março de 1787 ,,,3,1,1,dptoie
,,6.0,NGC 3158 , foi descoberta,em 17 de Março de 1787 por William Herschel ,,,3,1,1,dptoie
,,7.0,NGC 3158 , foi descoberta,por William Herschel ,,,3,1,0,dptoie
27,"en a partida de a fase final a equipe que tiver obtido a melhor campanha en a somatória de todas as fases anteriores , en o caso o Internacional , realizará a partida en a condição de mandante . ",1.0,a equipe , realizará,a partida en a condição de mandante ,,,1,1,1,dptoie
,,2.0,a equipe , realizará,a partida en a condição de mandante en a partida de a fase final ,,,1,1,1,dptoie
,,3.0,a equipe , tiver,obtido a melhor campanha ,,,2,1,1,dptoie
,,4.0,a equipe , tiver,obtido a melhor campanha en a somatória de todas as fases anteriores ,,,2,1,1,dptoie
,,5.0,a equipe , tiver,"obtido a melhor campanha en a somatória de todas as fases anteriores , en o caso o Internacional ",,,2,1,1,dptoie
,,6.0,a equipe , tiver,obtido ,,,2,1,0,dptoie
,,7.0,en o caso , é,o Internacional ,,,1,3,3,dptoie
28,Thomasomys laniger é uma espécie de roedor de a família Cricetidae . ,1.0,Thomasomys laniger , é uma espécie,de roedor ,,,1,1,1,dptoie
,,2.0,Thomasomys laniger , é uma espécie,de roedor de a família Cricetidae ,,,1,1,1,dptoie
,,3.0,Thomasomys laniger , é uma espécie,de a família Cricetidae ,,,1,1,0,dptoie
,,4.0,a família , é,Cricetidae ,,,1,3,3,dptoie
,,5.0,Thomasomys laniger , é,uma espécie de roedor ,,,1,5,1,dptoie
29,"Sillis ( asteróide 21627 ) é um asteróide de a cintura principal , a 2,032963 UA . ",1.0,Sillis , é um asteróide,de a cintura principal ,,,1,1,1,dptoie
,,2.0,Sillis , é um asteróide,"de a cintura principal , a 2,032963 UA ",,,1,1,1,dptoie
,,3.0,Sillis , é um asteróide,"a 2,032963 UA ",,,1,1,0,dptoie
,,4.0,Sillis , é,um asteróide de a cintura principal ,,,1,5,1,dptoie
30,"Del james ( nascido em 5 de Fevereiro de 1964 em New Rochelle , Nova Iorque , EUA ) é um escritor e jornalista conhecido por ter trabalhado com Axl Rose de a banda Guns N ' Roses e com Chuck Billy de a banda Testament en o álbum The Ritual . ",1.0,Del james , é,um escritor e jornalista conhecido por ter trabalhado com Axl Rose de a banda Guns N ' Roses e com Chuck Billy ,,,1,1,1,dptoie
,,2.0,Del james , é,um escritor e jornalista conhecido por ter trabalhado com Axl Rose de a banda Guns N ' Roses e com Chuck Billy de a banda Testament ,,,1,1,1,dptoie
,,3.0,Del james , é,um escritor e jornalista conhecido por ter trabalhado com Axl Rose de a banda Guns N ' Roses e com Chuck Billy de a banda Testament en o álbum The Ritual ,,,1,1,1,dptoie
,,4.0,Del james , é,e jornalista conhecido por ter trabalhado com Axl Rose de a banda Guns N ' Roses e com Chuck Billy ,,,1,1,0,dptoie
,,5.0,Del james , é,e jornalista conhecido por ter trabalhado com Axl Rose de a banda de a banda Testament ,,,1,1,0,dptoie
,,6.0,Del james , é,e jornalista conhecido en o álbum The Ritual ,,,1,1,0,dptoie
,,7.0,Del james , é,e jornalista conhecido por ter trabalhado com Axl Rose de a banda Guns N ' Roses ,,,1,1,2,dptoie
,,8.0,Del james , é,e jornalista conhecido por ter trabalhado com Axl Rose de a banda com Chuck Billy ,,,1,1,2,dptoie
,,9.0,Nova Iorque , é,EUA ) ,,,1,3,3,dptoie
,,10.0,a banda , é,Testament ,,,1,3,3,dptoie
,,11.0,o álbum , é,The Ritual ,,,1,3,3,dptoie
,,12.0,Del james , é,um escritor ,,,1,5,1,dptoie
,,13.0,Del james , é,jornalista conhecido por ter trabalhado com Axl Rose de a banda Guns N ' Roses e com Chuck Billy de a banda Testament en o álbum The Ritual ,,,1,5,1,dptoie
31,Jerônimo de Cárdia foi um historiador grego . ,1.0,Jerônimo de Cárdia , foi um historiador,grego ,,,1,1,1,dptoie
,,2.0,Jerônimo de Cárdia , foi,um historiador grego ,,,1,5,1,dptoie
32,"Estes espíritos eram mais frequentemente descritos como espectros de animais ou pessoas injustiçadas por o portador , os ritos de exorcismo geralmente eram compostos de ofertas respeitosas ou ofertas de sacrifício . ",1.0,Estes espíritos , eram,"mais frequentemente descritos como espectros de animais ou pessoas injustiçadas por o portador , os ritos de exorcismo geralmente eram compostos de ofertas respeitosas ou ofertas ",,,1,1,1,dptoie
,,2.0,Estes espíritos , eram,"mais frequentemente descritos como espectros de animais ou pessoas injustiçadas por o portador , os ritos de exorcismo geralmente eram compostos de ofertas respeitosas ou ofertas de sacrifício ",,,1,1,1,dptoie
,,3.0,Estes espíritos , eram,"mais frequentemente descritos como espectros de animais ou pessoas injustiçadas por o portador , os ritos de exorcismo geralmente eram compostos de ofertas respeitosas ",,,1,1,2,dptoie
,,4.0,Estes espíritos , eram,"mais frequentemente descritos como espectros de animais ou pessoas injustiçadas por o portador , os ritos de exorcismo geralmente eram compostos de ofertas ofertas ",,,1,1,2,dptoie
,,5.0,"descritos como espectros de animais ou pessoas , os ritos de exorcismo geralmente ", eram compostos,de ofertas respeitosas ou ofertas ,,,1,1,1,dptoie
,,6.0,"descritos como espectros de animais ou pessoas , os ritos de exorcismo geralmente ", eram compostos,de ofertas respeitosas ou ofertas de sacrifício ,,,1,1,1,dptoie
,,7.0,"descritos como espectros de animais ou pessoas , os ritos de exorcismo geralmente ", eram compostos,de ofertas respeitosas de sacrifício ,,,1,1,0,dptoie
,,8.0,"descritos como espectros de animais ou pessoas , os ritos de exorcismo geralmente ", eram compostos,de ofertas respeitosas ,,,1,1,2,dptoie
,,9.0,"descritos como espectros de animais ou pessoas , os ritos de exorcismo geralmente ", eram compostos,"mais frequentemente descritos como espectros de animais ou pessoas injustiçadas por o portador , os ritos de exorcismo geralmente eram compostos de ofertas ofertas ",,,1,1,2,dptoie
,,10.0,"descritos como espectros de animais ou pessoas , os ritos de exorcismo geralmente ", injustiçadas,por o portador ,,,1,1,1,dptoie
,,11.0,"descritos como espectros de animais ou pessoas , os ritos de exorcismo geralmente ", eram,compostos ,,,1,5,1,dptoie
,,12.0,"descritos como espectros de animais ou pessoas , os ritos de exorcismo geralmente ", eram,de ofertas respeitosas ou ofertas ,,,1,5,1,dptoie
33,"Mohanpur Mohammadpur é uma vila en o distrito de Hardwar , en o estado indiano de Uttaranchal . ",1.0,Mohanpur Mohammadpur , é uma vila,en o distrito de Hardwar ,,,1,1,1,dptoie
,,2.0,Mohanpur Mohammadpur , é uma vila,"en o distrito de Hardwar , en o estado indiano de Uttaranchal ",,,1,1,1,dptoie
,,3.0,Mohanpur Mohammadpur , é uma vila,en o estado indiano de Uttaranchal ,,,1,1,0,dptoie
,,4.0,Mohanpur Mohammadpur , é,uma vila en o distrito de Hardwar ,,,1,5,1,dptoie
34,"Epidendrum denticulatum , é uma espécie de orquídea , muito comum en o Brasil , que faz parte de um grupo de espécies de pertencentes a o gênero Epidendrum , todas muito parecidas , distintas apenas por pequenos detalhes , as quais de modo geral são consideradas sinônimos de o E. ",1.0,muito comum en o Brasil , faz,parte de um grupo de espécies de pertencentes a o gênero Epidendrum ,,,2,1,1,dptoie
,,2.0,muito comum en o Brasil , faz,"parte de um grupo de espécies de pertencentes a o gênero Epidendrum , todas muito parecidas ",,,2,1,1,dptoie
,,3.0,muito comum en o Brasil , faz,"parte de um grupo de espécies de pertencentes a o gênero Epidendrum , todas muito parecidas , distintas apenas por pequenos detalhes ",,,2,1,1,dptoie
,,4.0,muito comum en o Brasil , faz,"parte de um grupo de espécies de pertencentes a o gênero Epidendrum , todas muito parecidas , distintas apenas por pequenos detalhes , as quais de modo geral são consideradas ",,,2,1,1,dptoie
,,5.0,o gênero , é,Epidendrum ,,,1,3,3,dptoie
35,"A Koyamaki foi escolhida como o kamon ( brasão ) de o Príncipe Hisahito de Akishino , actualmente o terceiro en a sucessão de o Trono de o Crisântemo . ",1.0,A Koyamaki , foi escolhida,como o kamon ( brasão ) ,,,1,1,1,dptoie
,,2.0,A Koyamaki , foi escolhida,como o kamon ( brasão ) de o Príncipe Hisahito de Akishino ,,,1,1,1,dptoie
,,3.0,A Koyamaki , foi escolhida,"como o kamon ( brasão ) de o Príncipe Hisahito de Akishino , actualmente o terceiro en a sucessão de o Trono de o Crisântemo ",,,1,1,1,dptoie
,,4.0,A Koyamaki , foi escolhida,como o kamon de o Príncipe Hisahito de Akishino ,,,1,1,0,dptoie
,,5.0,A Koyamaki , foi escolhida,"como o kamon , actualmente o terceiro en a sucessão de o Trono de o Crisântemo ",,,1,1,0,dptoie
36,"O realismo de o show acabou por se tornar uma barreira para a audiência , segundo o instituto Nielsen Media Research , a série tinha índices baixíssimos de audiência e foi cancelada com menos de 4 meses en o ar . ",1.0,O realismo de o show , acabou,por se tornar uma barreira ,,,1,1,1,dptoie
,,2.0,O realismo de o show , acabou,por se tornar uma barreira para a audiência ,,,1,1,1,dptoie
,,3.0,O realismo de o show , acabou,"por se tornar uma barreira para a audiência , segundo o instituto Nielsen Media Research ",,,1,1,1,dptoie
,,4.0,O realismo de o show , acabou,para a audiência ,,,1,1,0,dptoie
,,5.0,O realismo de o show , acabou,segundo o instituto Nielsen Media Research ,,,1,1,0,dptoie
,,6.0,O realismo de o show , acabou,segundo o instituto ,,,1,1,0,dptoie
,,7.0,a série , tinha,índices baixíssimos de audiência ,,,1,1,1,dptoie
,,8.0,a série , foi cancelada,com menos de 4 meses ,,,1,2,1,dptoie
,,9.0,a série , foi cancelada,com menos de 4 meses en o ar ,,,1,2,1,dptoie
,,10.0,a série , foi cancelada,en o ar ,,,1,2,0,dptoie
,,11.0,segundo o instituto , é,Nielsen Media Research ,,,1,3,3,dptoie
37,"O clima é geralmente mais quente que o de Auckland , com menos humidade e chuva , e mais horas de luz . ",1.0,O clima , é,mais quente ,,,1,1,1,dptoie
,,2.0,O clima , é,mais quente que o de Auckland ,,,1,1,1,dptoie
,,3.0,O clima , é,"mais quente que o de Auckland , com menos humidade e chuva , e mais horas de luz ",,,1,1,1,dptoie
,,4.0,O clima , é,"mais quente , com menos humidade e chuva , e mais horas de luz ",,,1,1,0,dptoie
,,5.0,O clima , é,"mais quente que o de Auckland , com menos humidade ",,,1,1,2,dptoie
,,6.0,O clima , é,mais quente que o de Auckland chuva ,,,1,1,2,dptoie
,,7.0,O clima , é,mais quente que o de Auckland mais horas de luz ,,,1,1,2,dptoie
38,"Põlde é localizado en o município de Abja vald e Viljandimaa , en o sul de o país , e 150 km a o sul de a capital Tallinn . ",1.0,Põlde , é localizado,en o município de Abja vald ,,,1,1,1,dptoie
,,2.0,Põlde , é localizado,"en o município de Abja vald e Viljandimaa , en o sul de o país ",,,1,1,1,dptoie
,,3.0,Põlde , é localizado,"en o município de Abja vald e Viljandimaa , en o sul de o país , e 150 km a o sul de a capital Tallinn ",,,1,1,1,dptoie
,,4.0,Põlde , é localizado,"en o município e Viljandimaa , en o sul de o país ",,,1,1,0,dptoie
,,5.0,Põlde , é localizado,en o município e Viljandimaa ,,,1,1,0,dptoie
,,6.0,Põlde , é localizado,e 150 km a o sul de a capital Tallinn ,,,1,1,0,dptoie
,,7.0,Põlde , é localizado,de Abja vald en Viljandimaa ,,,1,1,2,dptoie
,,8.0,a capital , é,Tallinn ,,,1,3,3,dptoie
39,"Pierre começou a jogar Futsal em 1985 en as escolinhas de o clube Álvares Cabral em Vitória , ES . ",1.0,Pierre , começou a jogar,Futsal ,,,1,1,1,dptoie
,,2.0,Pierre , começou a jogar,Futsal em 1985 ,,,1,1,1,dptoie
,,3.0,Pierre , começou a jogar,"Futsal em 1985 en as escolinhas de o clube Álvares Cabral em Vitória , ES ",,,1,1,1,dptoie
,,4.0,Pierre , começou a jogar,"Futsal en as escolinhas de o clube Álvares Cabral em Vitória , ES ",,,1,1,0,dptoie
,,5.0,Vitória , é,ES ,,,1,3,3,dptoie
40,Este asteróide foi descoberto em 27 de Abril de 1998 por Paul Comba . ,1.0,Este asteróide , foi descoberto,em 27 de Abril de 1998 ,,,1,1,1,dptoie
,,2.0,Este asteróide , foi descoberto,em 27 de Abril de 1998 por Paul Comba ,,,1,1,1,dptoie
,,3.0,Este asteróide , foi descoberto,por Paul Comba ,,,1,1,0,dptoie
41,Sua capital é a cidade de Tarata . ,1.0,Sua capital , é a cidade,de Tarata ,,,1,1,1,dptoie
,,2.0,Sua capital , é,a cidade de Tarata ,,,1,5,1,dptoie
42,"Corani é um distrito de o Peru , departamento de Puno , localizada en a província de Carabaya . ",1.0,Corani , é um distrito,de o Peru ,,,1,1,1,dptoie
,,2.0,Corani , é um distrito,"de o Peru , departamento de Puno ",,,1,1,1,dptoie
,,3.0,Corani , é um distrito,"de o Peru , departamento de Puno , localizada en a província de Carabaya ",,,1,1,1,dptoie
,,4.0,Corani , é um distrito,departamento de Puno ,,,1,1,0,dptoie
,,5.0,Corani , é um distrito,"departamento , localizada en a província de Carabaya ",,,1,1,0,dptoie
,,6.0,um distrito de o Peru , é,departamento de Puno ,,,1,3,3,dptoie
,,7.0,Corani , é,um distrito de o Peru ,,,1,5,1,dptoie
43,"Localiza - se en o departamento de Santa Rosa , Município de Chiquimulilla . ",1.0,Santa Rosa , é,Município de Chiquimulilla ,,,1,3,3,dptoie
44,"Esta lista reúne os recordes olímpicos de o tiro esportivo , atualizados até os Jogos Olímpicos de Verão de 2008 . ",1.0,Esta lista , reúne,os recordes olímpicos de o tiro esportivo ,,,1,1,1,dptoie
,,2.0,Esta lista , reúne,"os recordes olímpicos de o tiro esportivo , atualizados até os Jogos Olímpicos de Verão de 2008 ",,,1,1,1,dptoie
45,"O beato Padre Eustáquio é muito famoso por todo o Brasil , sendo considerado responsável por vários milagres ocorridos por todo o país . ",1.0,O beato , é,muito famoso ,,,1,1,1,dptoie
,,2.0,O beato , é,muito famoso por todo o Brasil ,,,1,1,1,dptoie
,,3.0,O beato , é,"muito famoso por todo o Brasil , sendo considerado responsável por vários milagres ocorridos por todo o país ",,,1,1,1,dptoie
,,4.0,O beato , é,"muito famoso , sendo considerado responsável por vários milagres ocorridos por todo o país ",,,1,1,0,dptoie
,,5.0,O beato , é,Padre Eustáquio ,,,1,3,3,dptoie
,,6.0,Padre Eustáquio , é,muito famoso ,,,3,1,1,dptoie
,,7.0,Padre Eustáquio , é,muito famoso por todo o Brasil ,,,3,1,1,dptoie
,,8.0,Padre Eustáquio , é,"muito famoso por todo o Brasil , sendo considerado responsável por vários milagres ocorridos por todo o país ",,,3,1,1,dptoie
,,9.0,Padre Eustáquio , é,"muito famoso , sendo considerado responsável por vários milagres ocorridos por todo o país ",,,3,1,0,dptoie
46,"Segundo informações oficiais , o objetivo de a missão era apenas aproximar - se de a Soyuz 2 como um teste , sem acoplamento . ",,,,,,,,,,dptoie
47,Salleri é uma cidade de o Nepal . ,1.0,Salleri , é uma cidade,de o Nepal ,,,1,1,1,dptoie
,,2.0,Salleri , é,uma cidade de o Nepal ,,,1,5,1,dptoie
48,Exerceu várias vezes o cargo de deputado provincial por Pernambuco . ,,,,,,,,,,dptoie
49,"Similares espíritos divinos também são encontrados en as tradições de a África Central e África Ocidental de onde eles derivam - o Orixá de a cultura Yoruba , o nkisi de os tradições Bantu ( Congo ) , e o vodou de o Dahomey ( Benin ) , Togo , sul de Ghana , e Burkina Faso . ",1.0,Similares espíritos divinos , também são encontrados,en as tradições de a África - Orixá Central e África Ocidental onde eles derivam de a cultura Yoruba ,,,1,1,1,dptoie
,,2.0,Similares espíritos divinos , também são encontrados,en as tradições de a África - Orixá Central e África Ocidental onde eles derivam de a cultura Yoruba e o vodou de o Dahomey ( Benin ) ,,,1,1,1,dptoie
,,3.0,Similares espíritos divinos , também são encontrados,"en as tradições de a África - Orixá Central e África Ocidental onde eles derivam de a cultura Yoruba e o vodou de o Dahomey ( Benin ) , Togo , sul de Ghana , e Burkina Faso ",,,1,1,1,dptoie
,,4.0,Similares espíritos divinos , também são encontrados,e o vodou de o Dahomey ( Benin ) ,,,1,1,0,dptoie
,,5.0,Similares espíritos divinos , também são encontrados,"e o vodou de o Dahomey , Togo , sul de Ghana , e Burkina Faso ",,,1,1,0,dptoie
,,6.0,Similares espíritos divinos , também são encontrados,en as tradições de a África - Orixá Central ,,,1,1,2,dptoie
,,7.0,Similares espíritos divinos , também são encontrados,en as tradições Central de África Ocidental ,,,1,1,2,dptoie
,,8.0,Similares espíritos divinos , também são encontrados,en as tradições Central de África Ocidental de a cultura Yoruba e o vodou de o Dahomey ( Benin ) sul de Ghana ,,,1,1,2,dptoie
,,9.0,Similares espíritos divinos , também são encontrados,en as tradições Central de África Ocidental de a cultura Yoruba e o vodou de o Dahomey ( Benin ) Burkina Faso ,,,1,1,2,dptoie
,,10.0,África Ocidental , derivam,de onde ,,,2,1,1,dptoie
,,11.0,a cultura , é,Yoruba ,,,1,3,3,dptoie
,,12.0,os tradições , é,Bantu ,,,1,3,3,dptoie
,,13.0,Bantu , é,( Congo ) ,,,1,3,3,dptoie
,,14.0,o Dahomey , é,( Benin ) ,,,1,3,3,dptoie
50,"É neste braço que se encontra a cidade de Lecco , e en o cruzamento deste braço com o braço de Sudoeste , a parte Sudoeste de o lago de Como , que se encontra Bellagio . ",1.0,a parte , se encontra,Bellagio ,,,2,1,1,dptoie
,,2.0,a parte , é,Sudoeste de o lago de Como ,,,1,3,3,dptoie
,,3.0,Sudoeste de o lago de Como , se encontra,Bellagio ,,,3,1,1,dptoie
51,"Desde ontem integrado a o elenco , o levantador Maurício iniciou seu treino en a seleção sob o olhar atento de o preparador físico Júlio Noronha . ",1.0,Maurício , iniciou,seu treino ,,,1,1,1,dptoie
,,2.0,Maurício , iniciou,seu treino en a seleção ,,,1,1,1,dptoie
,,3.0,Maurício , iniciou,seu treino en a seleção sob o olhar atento de o preparador físico Júlio Noronha ,,,1,1,1,dptoie
,,4.0,Maurício , iniciou,seu treino Desde ontem ,,,1,1,1,dptoie
,,5.0,Maurício , iniciou,seu treino sob o olhar atento de o preparador físico Júlio Noronha ,,,1,1,0,dptoie
,,6.0,o preparador físico , é,Júlio Noronha ,,,1,3,3,dptoie
52,"A falta de tempo também impede Camila de ir mais a o cinema , a o teatro e a shows . ",1.0,A falta de tempo , também impede,Camila de ir mais a o cinema ,,,1,1,1,dptoie
,,2.0,A falta de tempo , também impede,"Camila de ir mais a o cinema , a o teatro e a shows ",,,1,1,1,dptoie
,,3.0,A falta de tempo , também impede,"Camila de ir mais a o cinema , a o teatro ",,,1,1,2,dptoie
,,4.0,A falta de tempo , também impede,Camila de ir mais a o cinema a shows ,,,1,1,2,dptoie
53,"Em 1970 , saí daqui como burro , maluco , irresponsável por ter escalado Rivelino en a ponta . ",,,,,,,,,,dptoie
54,O grau de adesão e respeito a essas normas está ligado a os atributos morais de os participantes . ,1.0,O grau de adesão e respeito a essas normas , está ligado,a os atributos morais de os participantes ,,,1,1,1,dptoie
55,"Vira só restaurante sendo que o bar será deslocado para o pátio de o fundo , com direito a performance de o deejay Bid , mais Bartolo e Hori . ",1.0,o bar , será deslocado,para o pátio de o fundo ,,,1,1,1,dptoie
,,2.0,o bar , será deslocado,"para o pátio de o fundo , com direito a performance de o deejay Bid ",,,1,1,1,dptoie
,,3.0,o bar , será deslocado,com direito a performance de o deejay Bid ,,,1,1,0,dptoie
,,4.0,o deejay , é,Bid ,,,1,3,3,dptoie
56,"Músicos : Edgard Scandurra , Paulo Tatit , Zaba Moreau , Pedro Ito e Peter Price . ",,,,,,,,,,dptoie
57,"a os poucos , chegavam os Zamboni , os Tomasi , os Fitarelli , com suas tradições e , é claro , com cepas de videiras . ",1.0,os Zamboni , chegavam,os Tomasi ,,,1,1,1,dptoie
,,2.0,os Zamboni , chegavam,"os Tomasi , , com cepas de videiras ",,,1,1,1,dptoie
,,3.0,os Zamboni , chegavam,a os poucos ,,,1,1,1,dptoie
,,4.0,os Zamboni , chegavam,com cepas de videiras ,,,1,1,0,dptoie
,,5.0,"os Fitarelli , com suas tradições ", chegavam,os Tomasi ,,,1,1,1,dptoie
,,6.0,"os Fitarelli , com suas tradições ", chegavam,"os Tomasi , , com cepas de videiras ",,,1,1,1,dptoie
,,7.0,"os Fitarelli , com suas tradições ", chegavam,a os poucos ,,,1,1,1,dptoie
,,8.0,"os Fitarelli , com suas tradições ", chegavam,com cepas de videiras ,,,1,1,0,dptoie
58,O IPMF foi criado para vigorar somente até o próximo dia 31 . ,1.0,O IPMF , foi criado,para vigorar somente até o próximo dia 31 ,,,1,1,1,dptoie
59,Até mesmo en a Organização por a Libertação de a Palestina ( OLP ) houve críticas a o líder . ,1.0,a Até mesmo Organização por a Libertação de a Palestina , houve,críticas ,,,1,1,1,dptoie
,,2.0,a Até mesmo Organização por a Libertação de a Palestina , houve,críticas a o líder ,,,1,1,1,dptoie
,,3.0,a Organização por a Libertação de a Palestina , é,( OLP ) ,,,1,3,3,dptoie
60,"Os 50 contribuintes mais ricos de o país declararam a a Receita Federal en o ano passado um patrimônio de US $ 11,7 bilhões , mas só recolheram US $ 6,2 milhões de Imposto de Renda en o exercício de 1992 . ",1.0,Os 50 contribuintes mais ricos de o país , declararam,a a Receita Federal ,,,1,1,1,dptoie
,,2.0,Os 50 contribuintes mais ricos de o país , declararam,"a a Receita Federal en o ano passado um patrimônio de US $ 11,7 bilhões ",,,1,1,1,dptoie
,,3.0,Os 50 contribuintes mais ricos de o país , declararam,"a a Receita Federal en o ano passado um patrimônio de US $ 11,7 bilhões , mas só recolheram US $ 6,2 milhões ",,,1,1,1,dptoie
,,4.0,Os 50 contribuintes mais ricos de o país , declararam,"a a Receita Federal en o ano passado um patrimônio de US $ 11,7 bilhões , mas só recolheram US $ 6,2 milhões de Imposto de Renda ",,,1,1,1,dptoie
,,5.0,Os 50 contribuintes mais ricos de o país , declararam,"a a Receita Federal en o ano passado um patrimônio de US $ 11,7 bilhões , mas só recolheram US $ 6,2 milhões de Imposto de Renda en o exercício de 1992 ",,,1,1,1,dptoie
,,6.0,Os 50 contribuintes mais ricos de o país , declararam,"en o ano passado um patrimônio de US $ 11,7 bilhões ",,,1,1,0,dptoie
,,7.0,Os 50 contribuintes mais ricos de o país , declararam,"mas só recolheram US $ 6,2 milhões ",,,1,1,0,dptoie
,,8.0,Os 50 contribuintes mais ricos de o país , declararam,mas só recolheram US $ de Imposto de Renda ,,,1,1,0,dptoie
,,9.0,Os 50 contribuintes mais ricos de o país , declararam,mas só recolheram US $ en o exercício de 1992 ,,,1,1,0,dptoie
61,"Importante lembrar que a violência , hoje , acontece fora de os estádios , en as torcidas e , também , dentro de as quatro linhas , entre jogadores , técnicos , juízes etc . ",1.0,Importante , lembrar,en as torcidas ,,,1,1,2,dptoie
,,2.0,Importante , lembrar,também dentro de as quatro linhas ,,,1,1,2,dptoie
,,3.0,Importante , lembrar,também dentro de as quatro linhas técnicos ,,,1,1,2,dptoie
,,4.0,a violência ," hoje , acontece",fora de os estádios ,,,1,1,1,dptoie
,,5.0,Importante , lembrar,que ,,,1,1,6,dptoie
,,5.1,a violência ," hoje , acontece",fora de os estádios ,x,x,x,x,x,dptoie
62,Folha Algumas empresas de Santa Catarina e de São Paulo reajustaram seus preços como consequência de o dissídio salarial concedido a os seus trabalhadores . ,1.0,Algumas empresas de Santa Catarina e de São Paulo , reajustaram,seus preços ,,,1,1,1,dptoie
,,2.0,Algumas empresas de Santa Catarina e de São Paulo , reajustaram,seus preços como consequência de o dissídio salarial concedido a os seus trabalhadores ,,,1,1,1,dptoie
63,"Dener morreu en o dia 19 de abril em um acidente de carro , en o Rio . ",1.0,Dener , morreu,en o dia 19 de abril ,,,1,1,1,dptoie
,,2.0,Dener , morreu,en o dia 19 de abril em um acidente de carro ,,,1,1,1,dptoie
,,3.0,Dener , morreu,"en o dia 19 de abril em um acidente de carro , en o Rio ",,,1,1,1,dptoie
,,4.0,Dener , morreu,em um acidente de carro ,,,1,1,0,dptoie
,,5.0,Dener , morreu,en o Rio ,,,1,1,0,dptoie
64,"Segundo o técnico Zé Roberto , após as fériasa seleção vai aproveitar o intervalo até a fase final de a Liga para corrigir as falhas apresentadas en a fase classificatória , entre eles o saque e o passe . ",1.0,o técnico , é,Zé Roberto ,,,1,3,3,dptoie
65,"O diretor - presidente de a Splice , Antonio Beldi , afirmou ontem que a prefeitura ainda não pagou os US $ 600 mil referentes a a coleta de lixo en o bairro de a Penha ( zona leste ) en os meses de dezembro e janeiro . ",1.0,a prefeitura , ainda não pagou,os US $ 600 mil ,,,1,1,1,dptoie
,,2.0,a prefeitura , ainda não pagou,os US $ 600 mil referentes a a coleta de lixo ,,,1,1,1,dptoie
,,3.0,a prefeitura , ainda não pagou,os US $ 600 mil referentes a a coleta de lixo en o bairro de a Penha ,,,1,1,1,dptoie
,,4.0,a prefeitura , ainda não pagou,os US $ 600 mil referentes a a coleta de lixo en o bairro de a Penha ( zona leste ) ,,,1,1,1,dptoie
,,5.0,a prefeitura , ainda não pagou,os US $ 600 mil referentes a a coleta de lixo en o bairro de a Penha ( zona leste ) en os meses de dezembro e janeiro ,,,1,1,1,dptoie
,,6.0,a prefeitura , ainda não pagou,os US $ 600 mil referentes a a coleta de lixo en o bairro de a Penha ( zona leste ) en os meses de dezembro ,,,1,1,2,dptoie
,,7.0,a prefeitura , ainda não pagou,os US $ 600 mil referentes a a coleta de lixo en o bairro de a Penha ( zona leste ) en os meses de janeiro ,,,1,1,2,dptoie
,,8.0,O diretor - presidente de a Splice , é,Antonio Beldi ,,,1,3,3,dptoie
,,9.0,O diretor - presidente de a Splice , afirmou,ontem que ,,,1,1,6,dptoie
,,9.1,a prefeitura , ainda não pagou,os US $ 600 mil ,x,x,x,x,x,dptoie
,,10.0,O diretor - presidente de a Splice , afirmou,ontem que ,,,1,1,6,dptoie
,,10.1,a prefeitura , ainda não pagou,os US $ 600 mil referentes a a coleta de lixo ,x,x,x,x,x,dptoie
,,11.0,O diretor - presidente de a Splice , afirmou,ontem que ,,,1,1,6,dptoie
,,11.1,a prefeitura , ainda não pagou,os US $ 600 mil referentes a a coleta de lixo en o bairro de a Penha ,x,x,x,x,x,dptoie
,,12.0,O diretor - presidente de a Splice , afirmou,ontem que ,,,1,1,6,dptoie
,,12.1,a prefeitura , ainda não pagou,os US $ 600 mil referentes a a coleta de lixo en o bairro de a Penha ( zona leste ) ,x,x,x,x,x,dptoie
,,13.0,O diretor - presidente de a Splice , afirmou,ontem que ,,,1,1,6,dptoie
,,13.1,a prefeitura , ainda não pagou,os US $ 600 mil referentes a a coleta de lixo en o bairro de a Penha ( zona leste ) en os meses de dezembro e janeiro ,x,x,x,x,x,dptoie
,,14.0,O diretor - presidente de a Splice , afirmou,ontem que ,,,1,1,6,dptoie
,,14.1,a prefeitura , ainda não pagou,os US $ 600 mil referentes a a coleta de lixo en o bairro de a Penha ( zona leste ) en os meses de dezembro ,x,x,x,x,x,dptoie
,,15.0,O diretor - presidente de a Splice , afirmou,ontem que ,,,1,1,6,dptoie
,,15.1,a prefeitura , ainda não pagou,os US $ 600 mil referentes a a coleta de lixo en o bairro de a Penha ( zona leste ) en os meses de janeiro ,x,x,x,x,x,dptoie
,,16.0,O diretor - presidente de a Splice , afirmou,que ,,,1,1,6,dptoie
,,16.1,a prefeitura , ainda não pagou,os US $ 600 mil ,x,x,x,x,x,dptoie
,,17.0,O diretor - presidente de a Splice , afirmou,que ,,,1,1,6,dptoie
,,17.1,a prefeitura , ainda não pagou,os US $ 600 mil referentes a a coleta de lixo ,x,x,x,x,x,dptoie
,,18.0,O diretor - presidente de a Splice , afirmou,que ,,,1,1,6,dptoie
,,18.1,a prefeitura , ainda não pagou,os US $ 600 mil referentes a a coleta de lixo en o bairro de a Penha ,x,x,x,x,x,dptoie
,,19.0,O diretor - presidente de a Splice , afirmou,que ,,,1,1,6,dptoie
,,19.1,a prefeitura , ainda não pagou,os US $ 600 mil referentes a a coleta de lixo en o bairro de a Penha ( zona leste ) ,x,x,x,x,x,dptoie
,,20.0,O diretor - presidente de a Splice , afirmou,que ,,,1,1,6,dptoie
,,20.1,a prefeitura , ainda não pagou,os US $ 600 mil referentes a a coleta de lixo en o bairro de a Penha ( zona leste ) en os meses de dezembro e janeiro ,x,x,x,x,x,dptoie
,,21.0,O diretor - presidente de a Splice , afirmou,que ,,,1,1,6,dptoie
,,21.1,a prefeitura , ainda não pagou,os US $ 600 mil referentes a a coleta de lixo en o bairro de a Penha ( zona leste ) en os meses de dezembro ,x,x,x,x,x,dptoie
,,22.0,O diretor - presidente de a Splice , afirmou,que ,,,1,1,6,dptoie
,,22.1,a prefeitura , ainda não pagou,os US $ 600 mil referentes a a coleta de lixo en o bairro de a Penha ( zona leste ) en os meses de janeiro ,x,x,x,x,x,dptoie
,,23.0,Antonio Beldi , afirmou,ontem que ,,,3,1,6,dptoie
,,23.1,a prefeitura , ainda não pagou,os US $ 600 mil ,x,x,x,x,x,dptoie
,,24.0,Antonio Beldi , afirmou,ontem que ,,,3,1,6,dptoie
,,24.1,a prefeitura , ainda não pagou,os US $ 600 mil referentes a a coleta de lixo ,x,x,x,x,x,dptoie
,,25.0,Antonio Beldi , afirmou,ontem que ,,,3,1,6,dptoie
,,25.1,a prefeitura , ainda não pagou,os US $ 600 mil referentes a a coleta de lixo en o bairro de a Penha ,x,x,x,x,x,dptoie
,,26.0,Antonio Beldi , afirmou,ontem que ,,,3,1,6,dptoie
,,26.1,a prefeitura , ainda não pagou,os US $ 600 mil referentes a a coleta de lixo en o bairro de a Penha ( zona leste ) ,x,x,x,x,x,dptoie
,,27.0,Antonio Beldi , afirmou,ontem que ,,,3,1,6,dptoie
,,27.1,a prefeitura , ainda não pagou,os US $ 600 mil referentes a a coleta de lixo en o bairro de a Penha ( zona leste ) en os meses de dezembro e janeiro ,x,x,x,x,x,dptoie
,,28.0,Antonio Beldi , afirmou,ontem que ,,,3,1,6,dptoie
,,28.1,a prefeitura , ainda não pagou,os US $ 600 mil referentes a a coleta de lixo en o bairro de a Penha ( zona leste ) en os meses de dezembro ,x,x,x,x,x,dptoie
,,29.0,Antonio Beldi , afirmou,ontem que ,,,3,1,6,dptoie
,,29.1,a prefeitura , ainda não pagou,os US $ 600 mil referentes a a coleta de lixo en o bairro de a Penha ( zona leste ) en os meses de janeiro ,x,x,x,x,x,dptoie
,,30.0,Antonio Beldi , afirmou,que ,,,3,1,6,dptoie
,,30.1,a prefeitura , ainda não pagou,os US $ 600 mil ,x,x,x,x,x,dptoie
,,31.0,Antonio Beldi , afirmou,que ,,,3,1,6,dptoie
,,31.1,a prefeitura , ainda não pagou,os US $ 600 mil referentes a a coleta de lixo ,x,x,x,x,x,dptoie
,,32.0,Antonio Beldi , afirmou,que ,,,3,1,6,dptoie
,,32.1,a prefeitura , ainda não pagou,os US $ 600 mil referentes a a coleta de lixo en o bairro de a Penha ,x,x,x,x,x,dptoie
,,33.0,Antonio Beldi , afirmou,que ,,,3,1,6,dptoie
,,33.1,a prefeitura , ainda não pagou,os US $ 600 mil referentes a a coleta de lixo en o bairro de a Penha ( zona leste ) ,x,x,x,x,x,dptoie
,,34.0,Antonio Beldi , afirmou,que ,,,3,1,6,dptoie
,,34.1,a prefeitura , ainda não pagou,os US $ 600 mil referentes a a coleta de lixo en o bairro de a Penha ( zona leste ) en os meses de dezembro e janeiro ,x,x,x,x,x,dptoie
,,35.0,Antonio Beldi , afirmou,que ,,,3,1,6,dptoie
,,35.1,a prefeitura , ainda não pagou,os US $ 600 mil referentes a a coleta de lixo en o bairro de a Penha ( zona leste ) en os meses de dezembro ,x,x,x,x,x,dptoie
,,36.0,Antonio Beldi , afirmou,que ,,,3,1,6,dptoie
,,36.1,a prefeitura , ainda não pagou,os US $ 600 mil referentes a a coleta de lixo en o bairro de a Penha ( zona leste ) en os meses de janeiro ,x,x,x,x,x,dptoie
66,"A queda foi ajudada por a retração de 1,69 % en os preços de os produtos de higiene pessoal , que acumulam redução de 1,91 % en o mês . ",1.0,A queda , foi ajudada,"por a retração de 1,69 % ",,,1,1,1,dptoie
,,2.0,A queda , foi ajudada,"por a retração de 1,69 % en os preços de os produtos de higiene pessoal ",,,1,1,1,dptoie
,,3.0,A queda , foi ajudada,"por a retração de 1,69 % en os preços de os produtos de higiene pessoal , que acumulam redução de 1,91 % ",,,1,1,1,dptoie
,,4.0,A queda , foi ajudada,"por a retração de 1,69 % en os preços de os produtos de higiene pessoal , que acumulam redução de 1,91 % en o mês ",,,1,1,1,dptoie
,,5.0,A queda , foi ajudada,por a retração en os preços de os produtos de higiene pessoal ,,,1,1,0,dptoie
,,6.0,A queda , foi ajudada,"por a retração , que acumulam redução de 1,91 % ",,,1,1,0,dptoie
,,7.0,A queda , foi ajudada,"por a retração , que acumulam redução en o mês ",,,1,1,0,dptoie
,,8.0,"a retração de 1,69 % en os preços de os produtos de higiene pessoal ", acumulam redução,"de 1,91 % ",,,2,1,1,dptoie
,,9.0,"a retração de 1,69 % en os preços de os produtos de higiene pessoal ", acumulam redução,"de 1,91 % en o mês ",,,2,1,1,dptoie
,,10.0,"a retração de 1,69 % en os preços de os produtos de higiene pessoal ", acumulam redução,en o mês ,,,2,1,0,dptoie
,,11.0,"a retração de 1,69 % en os preços de os produtos de higiene pessoal ", acumulam,"redução de 1,91 % ",,,2,5,1,dptoie
67,"Radicalizar por o mundo sobre duas rodas tem dois endereços certos : International Bicycle Fund , agência de cicloturismo em Seatlle ( EUA ) e Abercrombie & Kent , representada en o país por a Interpoint . ",1.0,Radicalizar por o mundo sobre duas rodas , tem,dois endereços certos ,,,1,1,1,dptoie
,,2.0,Radicalizar por o mundo sobre duas rodas , tem,"dois endereços certos International Bicycle Fund , agência de cicloturismo em Seatlle ( EUA ) e Abercrombie & Kent ",,,1,1,1,dptoie
,,3.0,agência de cicloturismo em Seatlle , é,( EUA ) ,,,1,3,3,dptoie
68,"Rebeldes islâmicos fugiram em 1992 de o Tadjiquistão para o Afeganistão , após derrota para forças controladas por ex - comunistas . ",1.0,Rebeldes islâmicos , fugiram,em 1992 de o Tadjiquistão ,,,1,1,1,dptoie
,,2.0,Rebeldes islâmicos , fugiram,em 1992 de o Tadjiquistão para o Afeganistão ,,,1,1,1,dptoie
,,3.0,Rebeldes islâmicos , fugiram,"em 1992 de o Tadjiquistão para o Afeganistão , após derrota para forças controladas por ex - comunistas ",,,1,1,1,dptoie
,,4.0,Rebeldes islâmicos , fugiram,para o Afeganistão ,,,1,1,0,dptoie
,,5.0,Rebeldes islâmicos , fugiram,após derrota para forças controladas por ex - comunistas ,,,1,1,0,dptoie
69,"Ciro Gomes , que ninguém fique com falsa impressão , não mudou em nada . ",1.0,Ciro Gomes , não mudou,em nada ,,,1,1,1,dptoie
,,2.0,Ciro Gomes , fique,com falsa impressão ,,,2,1,1,dptoie
,,3.0,Ciro Gomes , fique,que ,,,2,1,1,dptoie
70,Traduzindo em termos simples : nenhum político gosta de colocar azeitona en a empada de seus adversários . ,1.0,nenhum político , gosta,de colocar azeitona ,,,1,1,1,dptoie
,,2.0,nenhum político , gosta,de colocar azeitona en a empada de seus adversários ,,,1,1,1,dptoie
,,3.0,nenhum político , gosta,Traduzindo em termos simples ,,,1,1,1,dptoie
,,4.0,nenhum político , gosta,de colocar en a empada de seus adversários ,,,1,1,0,dptoie
71,"O prefeito , segundo colocado , teria de 27 % a 30 % de os votos . ",,,,,,,,,,dptoie
72,"As embalagens , 33 % . ",,,,,,,,,,dptoie
73,"en o início de o sequestro , havia sido pedido um resgate de US $ 12 milhões . ",,,,,,,,,,dptoie
74,Esta é a primeira vez desde 1930 que os EUA conseguem avançar além de a fase inicial de um campeonato mundial de futebol . ,1.0,Esta , é a primeira vez,desde 1930 ,,,1,1,1,dptoie
,,2.0,Esta , é a primeira vez,desde 1930 que os EUA conseguem avançar além de a fase inicial de um campeonato mundial de futebol ,,,1,1,1,dptoie
,,3.0,Esta , é a primeira vez,que os EUA conseguem avançar além de a fase inicial de um campeonato mundial de futebol ,,,1,1,0,dptoie
,,4.0,os EUA , conseguem,avançar além de a fase inicial de um campeonato mundial de futebol ,,,1,1,1,dptoie
,,5.0,Esta , é,a primeira vez desde 1930 ,,,1,5,1,dptoie
75,"A casa de quatro quartos , alugada por a própria Unesp , tem uma imensa infiltração de água en a sala . ",1.0,A casa de quatro quartos , tem,uma imensa infiltração de água ,,,1,1,1,dptoie
,,2.0,A casa de quatro quartos , tem,uma imensa infiltração de água en a sala ,,,1,1,1,dptoie
,,3.0,A casa de quatro quartos , alugada,por a própria Unesp ,,,1,1,1,dptoie
76,Ela afirma que as escolas e as pessoas não podem ficar imunes a a tecnologia . ,1.0,as escolas e as pessoas , não podem ficar,imunes a a tecnologia ,,,1,1,1,dptoie
,,2.0,Ela , afirma,que ,,,1,1,6,dptoie
,,2.1,as escolas e as pessoas , não podem ficar,imunes a a tecnologia ,x,x,x,x,x,dptoie
77,"Com isso , só falta marcar a data exata para a convocação extra de os parlamentares . ",,,,,,,,,,dptoie
78,O ministro Rubens Ricupero ( Fazenda ) negou que os recursos tenham sido desviados para fins não - sociais . ,1.0,os recursos , tenham sido desviados,para fins não - sociais ,,,1,1,1,dptoie
,,2.0,O ministro , é,Rubens Ricupero ,,,1,3,3,dptoie
,,3.0,Rubens Ricupero , é,( Fazenda ) ,,,1,3,3,dptoie
,,4.0,O ministro , negou,que ,,,1,1,6,dptoie
,,4.1,os recursos , tenham sido desviados,para fins não - sociais ,x,x,x,x,x,dptoie
,,5.0,Rubens Ricupero , negou,que ,,,3,1,6,dptoie
,,5.1,os recursos , tenham sido desviados,para fins não - sociais ,x,x,x,x,x,dptoie
,,6.0,Rubens Ricupero , negou,que ,,,3,1,6,dptoie
,,6.1,os recursos , tenham sido desviados,para fins não - sociais ,x,x,x,x,x,dptoie
,,7.0,Rubens Ricupero , negou,que ,,,3,1,6,dptoie
,,7.1,os recursos , tenham sido desviados,para fins não - sociais ,x,x,x,x,x,dptoie
,,8.0,Rubens Ricupero , negou,que ,,,3,1,6,dptoie
,,8.1,os recursos , tenham sido desviados,para fins não - sociais ,x,x,x,x,x,dptoie
,,9.0,( Fazenda ) , negou,que ,,,3,1,6,dptoie
,,9.1,os recursos , tenham sido desviados,para fins não - sociais ,x,x,x,x,x,dptoie
,,10.0,( Fazenda ) , negou,que ,,,3,1,6,dptoie
,,10.1,os recursos , tenham sido desviados,para fins não - sociais ,x,x,x,x,x,dptoie
,,11.0,( Fazenda ) , negou,que ,,,3,1,6,dptoie
,,11.1,os recursos , tenham sido desviados,para fins não - sociais ,x,x,x,x,x,dptoie
,,12.0,( Fazenda ) , negou,que ,,,3,1,6,dptoie
,,12.1,os recursos , tenham sido desviados,para fins não - sociais ,x,x,x,x,x,dptoie
79,Nossos esforços estão marcados por o compromisso em envolver a sociedade como um todo . ,1.0,Nossos esforços , estão marcados,por o compromisso em envolver a sociedade ,,,1,1,1,dptoie
,,2.0,Nossos esforços , estão marcados,por o compromisso em envolver a sociedade como um todo ,,,1,1,1,dptoie
,,3.0,Nossos esforços , estão marcados,por o compromisso em envolver como um todo ,,,1,1,0,dptoie
80,"Segundo Guardiano , 31 , nenhum se forma hoje . ",,,,,,,,,,dptoie
81,"Com volante de diâmetro grande demais , a direção de o Corsa é mais macia em manobras . ",1.0,a direção de o Corsa , é mais macia,em manobras ,,,1,1,1,dptoie
,,2.0,a direção de o Corsa , é mais macia,Com volante de diâmetro grande demais ,,,1,1,1,dptoie
,,3.0,a direção de o Corsa , é,mais macia Com volante de diâmetro grande ,,,1,5,1,dptoie
82,Venceu o holandês Richard Krajicek e só parou diante de Sampras . ,1.0,o holandês , é,Richard Krajicek ,,,1,3,3,dptoie
83,"Drasco Todos jogadores que treinei sabem quem é Tostão , o melhor atacante de a história de o futebol para manter uma bola , organizar o jogo , fazer a tabela . ",1.0,quem , é Tostão,o melhor atacante de a história de o futebol ,,,1,1,1,dptoie
,,2.0,quem , é Tostão,o melhor atacante de a história de o futebol para manter uma bola ,,,1,1,1,dptoie
,,3.0,quem , é Tostão,para manter uma bola ,,,1,1,0,dptoie
,,4.0,quem , é,"Tostão , o melhor atacante de a história de o futebol ",,,1,5,1,dptoie
,,5.0,Todos jogadores , sabem,,,,1,1,6,dptoie
,,5.1,quem , é Tostão,o melhor atacante de a história de o futebol ,x,x,x,x,x,dptoie
,,6.0,Todos jogadores , sabem,,,,1,1,6,dptoie
,,6.1,quem , é Tostão,o melhor atacante de a história de o futebol para manter uma bola ,x,x,x,x,x,dptoie
,,7.0,Todos jogadores , sabem,,,,1,1,6,dptoie
,,7.1,quem , é Tostão,para manter uma bola ,x,x,x,x,x,dptoie
84,Mejía Barón devolveu a confiança a os mexicanos . ,1.0,Mejía Barón , devolveu,a confiança ,,,1,1,1,dptoie
,,2.0,Mejía Barón , devolveu,a confiança a os mexicanos ,,,1,1,1,dptoie
85,"O que se vê é um Jagger entediado com seus shows , tocando tamborins a o lado de Richards em um avião , enquanto garotas nuas são atacadas por os roadies que acompanham os Stones . ",1.0,um Jagger , entediado,com seus shows ,,,1,1,1,dptoie
,,2.0,garotas nuas , são atacadas,por os roadies que acompanham os Stones ,,,1,1,1,dptoie
,,3.0,os roadies , acompanham,os Stones ,,,2,1,1,dptoie
86,O resultado é que por falta de informação suas ações acabem virando pó mesmo em períodos longos . ,1.0,suas ações , acabem virando,pó mesmo em períodos longos ,,,1,1,1,dptoie
,,2.0,suas ações , acabem virando,pó mesmo em períodos longos por falta de informação ,,,1,1,1,dptoie
87,A temporada terminou com uma grande repercussão e o esporte viveu um novo momento de euforia . ,1.0,A temporada , terminou,com uma grande repercussão e o esporte viveu um novo momento de euforia ,,,1,1,1,dptoie
,,2.0,o esporte , viveu,um novo momento de euforia ,,,1,1,1,dptoie
88,"A intervenção veio como medida saneadora , pois permite enfrentar com maior firmeza um problema cuja solução era repetidamente adiada por motivos políticos . ",1.0,A intervenção , veio,como medida saneadora ,,,1,1,1,dptoie
,,2.0,A intervenção , veio,como medida saneadora pois permite enfrentar com maior firmeza ,,,1,1,1,dptoie
,,3.0,A intervenção , veio,pois permite enfrentar com maior firmeza ,,,1,1,0,dptoie
,,4.0,um problema , era repetidamente adiada,por motivos políticos ,,,1,1,1,dptoie
,,5.0,cuja solução , era repetidamente adiada,por motivos políticos ,,,1,1,1,dptoie
,,6.0,A intervenção , veio,como medida saneadora pois permite enfrentar com maior firmeza ,,,1,1,6,dptoie
,,6.1,um problema , era repetidamente adiada,por motivos políticos ,x,x,x,x,x,dptoie
,,7.0,A intervenção , veio,,,,1,1,6,dptoie
,,7.1,um problema , era repetidamente adiada,por motivos políticos ,x,x,x,x,x,dptoie
89,A primeira final japonesa aconteceu em 92 . ,1.0,A primeira final japonesa , aconteceu,em 92 ,,,1,1,1,dptoie
90,"As canções revolucionárias , em línguas africanas , são cantadas durante todo o percurso e a marcha está mais para dança . ",1.0,"As canções revolucionárias , em línguas africanas ", são cantadas,durante todo o percurso e a marcha está mais para dança ,,,1,1,1,dptoie
,,2.0,a marcha , está,mais para dança ,,,1,1,1,dptoie
,,3.0,a marcha , está,para dança ,,,1,1,0,dptoie
91,"Medeiros , que participou de a reunião de ontem , disse que sua candidatura viabiliza a candidatura de Esperidião Amin a a Presidência . ",1.0,sua candidatura , viabiliza,a candidatura de Esperidião Amin ,,,1,1,1,dptoie
,,2.0,sua candidatura , viabiliza,a candidatura de Esperidião Amin a a Presidência ,,,1,1,1,dptoie
,,3.0,Medeiros , participou,de a reunião de ontem ,,,2,1,1,dptoie
,,4.0,Medeiros , disse,que ,,,1,1,6,dptoie
,,4.1,sua candidatura , viabiliza,a candidatura de Esperidião Amin ,x,x,x,x,x,dptoie
,,5.0,Medeiros , disse,que ,,,1,1,6,dptoie
,,5.1,sua candidatura , viabiliza,a candidatura de Esperidião Amin a a Presidência ,x,x,x,x,x,dptoie
92,"Nessa hipótese de variação de a Ufir , saem favorecidos os FAFs , que são tributados em 5 % de o rendimento nominal bruto por o IR , que incide diretamente en a carteira . ",1.0,os FAFs , são tributados,em 5 % de o rendimento nominal bruto ,,,2,1,1,dptoie
,,2.0,os FAFs , são tributados,em 5 % de o rendimento nominal bruto por o IR ,,,2,1,1,dptoie
,,3.0,os FAFs , são tributados,por o IR ,,,2,1,0,dptoie
,,4.0,os FAFs , incide,diretamente en a carteira ,,,2,1,1,dptoie
,,5.0,os FAFs , incide,en a carteira ,,,2,1,0,dptoie
93,"Em 82 , a equipe estava em último lugar en o Campeonato Paulista e o técnico conseguiu manter o time en a divisão principal . ",1.0,a equipe , estava,em último lugar en o Campeonato Paulista ,,,1,1,1,dptoie
,,2.0,a equipe , estava,em último lugar en o Campeonato Paulista e o técnico conseguiu manter o time ,,,1,1,1,dptoie
,,3.0,a equipe , estava,em último lugar en o Campeonato Paulista e o técnico conseguiu manter o time en a divisão principal ,,,1,1,1,dptoie
,,4.0,a equipe , estava,Em 82 ,,,1,1,1,dptoie
,,5.0,a equipe , estava,e o técnico conseguiu manter o time ,,,1,1,0,dptoie
,,6.0,a equipe , estava,e o técnico conseguiu manter en a divisão principal ,,,1,1,0,dptoie
,,7.0,o técnico , conseguiu,manter o time ,,,1,1,1,dptoie
,,8.0,o técnico , conseguiu,manter o time en a divisão principal ,,,1,1,1,dptoie
94,A URV é calculada a partir de uma média de índices de inflação . ,1.0,A URV , é calculada,a partir de uma média de índices de inflação ,,,1,1,1,dptoie
95,"Por sua vez , o cinema de ficção foi reduzido de quinze filmes por ano para dois , produzidos para os mais jovens ou estreantes . ",1.0,o cinema de ficção , foi reduzido,de quinze filmes por ano ,,,1,1,1,dptoie
,,2.0,o cinema de ficção , foi reduzido,"de quinze filmes por ano para dois , produzidos para os mais jovens ou estreantes ",,,1,1,1,dptoie
,,3.0,o cinema de ficção , foi reduzido,Por sua vez ,,,1,1,1,dptoie
,,4.0,o cinema de ficção , foi reduzido,"para dois , produzidos para os mais jovens ou estreantes ",,,1,1,0,dptoie
,,5.0,o cinema de ficção , foi reduzido,"de quinze filmes por ano para dois , produzidos para os mais jovens ",,,1,1,2,dptoie
,,6.0,o cinema de ficção , foi reduzido,"de quinze filmes por ano para dois , produzidos para os mais jovens Por sua vez ",,,1,1,2,dptoie
,,7.0,o cinema de ficção , foi reduzido,"de quinze filmes por ano para dois , produzidos para estreantes ",,,1,1,2,dptoie
,,8.0,o cinema de ficção , foi reduzido,"de quinze filmes por ano para dois , produzidos para estreantes Por sua vez ",,,1,1,2,dptoie
96,"De fato , Wright tem em comum com Sulloway um interesse por a biologia como campo onde os fenômenos psíquicos deveriam se explicar . ",1.0,Wright , tem,em comum ,,,1,1,1,dptoie
,,2.0,Wright , tem,em comum com Sulloway ,,,1,1,1,dptoie
,,3.0,Wright , tem,em comum com Sulloway um interesse por a biologia como campo onde os fenômenos psíquicos deveriam se explicar ,,,1,1,1,dptoie
,,4.0,Wright , tem,De fato ,,,1,1,1,dptoie
,,5.0,Wright , tem,com Sulloway ,,,1,1,0,dptoie
,,6.0,Wright , tem,um interesse por a biologia como campo onde os fenômenos psíquicos deveriam se explicar ,,,1,1,0,dptoie
,,7.0,os fenômenos psíquicos , deveriam se explicar,onde ,,,1,1,1,dptoie
97,"A história , contada por Peter Bogdanovich ( e aqui miseravelmente resumida ) , dá conta de a personalidade de o diretor , famoso por sua afabilidade com os atores coadjuvantes e com a equipe e por a ferocidade com que tratava suas estrelas . ",,,,,,,,,,dptoie
98,"O diretor - geral de a Assembléia Legislativa , Abib Miguel , disse que foram levados três computadores e cinco máquinas de escrever eletrônicas . ",1.0,O diretor geral de a Assembléia Legislativa , é,Abib Miguel ,,,1,3,3,dptoie
,,2.0,O diretor geral de a Assembléia Legislativa , disse,,,,x,x,x,dptoie
,,2.1,três computadores e cinco máquinas de escrever , que foram levados,,x,x,1,1,0,dptoie
,,3.0,Abib Miguel , disse,,,,x,x,x,dptoie
,,3.1,três computadores e cinco máquinas de escrever , que foram levados,,x,x,1,1,0,dptoie
,,4.0,Abib Miguel , disse,,,,x,x,x,dptoie
,,4.1,três computadores e cinco máquinas de escrever , que foram levados,,x,x,1,1,0,dptoie
99,"en o dia 28 de abril , durante a celebração de agradecimento a Deus , en o Pio Brasileiro , houve uma homenagem a o irmão jesuíta Ricardo Marchi que , há 62 anos , deixou nossa pátria para até hoje trabalhar en o colégio . ",1.0,Ricardo Marchi , deixou,nossa pátria ,,,2,1,1,dptoie
,,2.0,Ricardo Marchi , deixou,nossa pátria para até hoje trabalhar en o colégio ,,,2,1,1,dptoie
,,3.0,o irmão jesuíta , é,Ricardo Marchi ,,,1,3,3,dptoie
100,"Os empresários e empregados de o ramo de papel em São Paulo , por exemplo , fundaram e administram um hospital de 220 leitos que custa , em média , apenas 10 % de o que a empresa recolhe para o INSS . ",1.0,Os empresários e empregados de o ramo de papel em São Paulo , fundaram,apenas 10 % de o que a empresa recolhe para o INSS ,,,1,1,1,dptoie
,,2.0,Os empresários e empregados de o ramo de papel em São Paulo , fundaram,por exemplo ,,,1,1,1,dptoie
,,3.0,220 leitos , custa,em média ,,,2,1,1,dptoie
,,4.0,Os empresários e empregados de o ramo de papel em São Paulo , administram,"um hospital de 220 leitos que custa , em média ",,,1,2,1,dptoie
