;ID.SENTENÇA;SENTENÇA;ARG1;REL;ARG2;COERÊNCIA;subordinada
1;15;Tal percepção é visível por quem transita por a principal via de a cidade de Canindé de São Francisco e condiz com a impressão que os visitantes de os mais diversos estados brasileiros têm a o visitar os cânions de o Rio São Francisco , quando notam a limpeza e organização presente en a cultura de o povo local . ;os visitantes de os mais diversos estados brasileiros ; têm;;;a limpeza e organização  /   Passa /  por muitas praias de a Costa de a Prata 
2;15;Tal percepção é visível por quem transita por a principal via de a cidade de Canindé de São Francisco e condiz com a impressão que os visitantes de os mais diversos estados brasileiros têm a o visitar os cânions de o Rio São Francisco , quando notam a limpeza e organização presente en a cultura de o povo local . ;os visitantes de os mais diversos estados brasileiros ; têm;a o visitar os cânions de o Rio São Francisco ;;a limpeza e organização  /   é /  Everywhere 
3;15;Tal percepção é visível por quem transita por a principal via de a cidade de Canindé de São Francisco e condiz com a impressão que os visitantes de os mais diversos estados brasileiros têm a o visitar os cânions de o Rio São Francisco , quando notam a limpeza e organização presente en a cultura de o povo local . ;quem ; condiz;;;a limpeza e organização  /   é Kit Latura /  ( Sylvester Stallone ) , um ex - bombeiro que precisará entrar en o túnel 
4;15;Tal percepção é visível por quem transita por a principal via de a cidade de Canindé de São Francisco e condiz com a impressão que os visitantes de os mais diversos estados brasileiros têm a o visitar os cânions de o Rio São Francisco , quando notam a limpeza e organização presente en a cultura de o povo local . ;quem ; condiz;com a impressão que os visitantes de os mais diversos estados brasileiros têm a o visitar os cânions de o Rio São Francisco ;;a limpeza e organização  /   Passa /  entre elas 
5;15;Tal percepção é visível por quem transita por a principal via de a cidade de Canindé de São Francisco e condiz com a impressão que os visitantes de os mais diversos estados brasileiros têm a o visitar os cânions de o Rio São Francisco , quando notam a limpeza e organização presente en a cultura de o povo local . ;Tal percepção ; é;visível ;;quem  /   transita /  por a principal via de a cidade de Canindé de São Francisco 
6;15;Tal percepção é visível por quem transita por a principal via de a cidade de Canindé de São Francisco e condiz com a impressão que os visitantes de os mais diversos estados brasileiros têm a o visitar os cânions de o Rio São Francisco , quando notam a limpeza e organização presente en a cultura de o povo local . ;Tal percepção ; é;visível por quem transita por a principal via de a cidade de Canindé de São Francisco e condiz com a impressão que os visitantes de os mais diversos estados brasileiros têm a o visitar os cânions de o Rio São Francisco ;;a limpeza e organização  /   foi terceiro single /  de o álbum Everywhere 
7;20;A única esperança para os sobreviventes é Kit Latura ( Sylvester Stallone ) , um ex - bombeiro que precisará entrar en o túnel e resgatar as vítimas antes que o ar se esgote , ou que o próprio túnel desabe . ;A única esperança para os sobreviventes ; é Kit Latura;( Sylvester Stallone ) , um ex - bombeiro que precisará entrar en o túnel e resgatar as vítimas antes que ;;o ar  /   representa /  as localidades em um raio de 8 km a o redor de Muniz 
8;20;A única esperança para os sobreviventes é Kit Latura ( Sylvester Stallone ) , um ex - bombeiro que precisará entrar en o túnel e resgatar as vítimas antes que o ar se esgote , ou que o próprio túnel desabe . ;A única esperança para os sobreviventes ; é Kit Latura;( Sylvester Stallone ) , um ex - bombeiro que precisará entrar en o túnel e resgatar as vítimas antes que ;;o ar  /   se esgote /  ou que o próprio túnel desabe 
9;20;A única esperança para os sobreviventes é Kit Latura ( Sylvester Stallone ) , um ex - bombeiro que precisará entrar en o túnel e resgatar as vítimas antes que o ar se esgote , ou que o próprio túnel desabe . ;A única esperança para os sobreviventes ; é Kit Latura;antes que ;;o ar  /   era /  de 3 528 habitantes em 2007 e em 2007 de 3 570 habitantes 
10;20;A única esperança para os sobreviventes é Kit Latura ( Sylvester Stallone ) , um ex - bombeiro que precisará entrar en o túnel e resgatar as vítimas antes que o ar se esgote , ou que o próprio túnel desabe . ;A única esperança para os sobreviventes ; é Kit Latura;antes que ;;o ar  /   se esgote /  ou que o próprio túnel desabe 
11;20;A única esperança para os sobreviventes é Kit Latura ( Sylvester Stallone ) , um ex - bombeiro que precisará entrar en o túnel e resgatar as vítimas antes que o ar se esgote , ou que o próprio túnel desabe . ;A única esperança para os sobreviventes ; é Kit Latura;um ex - bombeiro que precisará entrar e resgatar as vítimas antes que ;;o ar  /   foi /  Em 2007 
12;20;A única esperança para os sobreviventes é Kit Latura ( Sylvester Stallone ) , um ex - bombeiro que precisará entrar en o túnel e resgatar as vítimas antes que o ar se esgote , ou que o próprio túnel desabe . ;um ex - bombeiro ; precisará;entrar en o túnel e resgatar as vítimas antes que ;;o ar  /   era /  de 3 528 habitantes e em 2007 de 3 570 habitantes 
13;20;A única esperança para os sobreviventes é Kit Latura ( Sylvester Stallone ) , um ex - bombeiro que precisará entrar en o túnel e resgatar as vítimas antes que o ar se esgote , ou que o próprio túnel desabe . ;um ex - bombeiro ; precisará;entrar en o túnel e resgatar as vítimas antes que ;;o ar  /   foram /  contra 10 de o rival 
14;20;A única esperança para os sobreviventes é Kit Latura ( Sylvester Stallone ) , um ex - bombeiro que precisará entrar en o túnel e resgatar as vítimas antes que o ar se esgote , ou que o próprio túnel desabe . ;um ex - bombeiro ; precisará;entrar en o túnel e resgatar as vítimas antes que ;;o ar  /   se esgote /  ou que o próprio túnel desabe 
15;61;Importante lembrar que a violência , hoje , acontece fora de os estádios , en as torcidas e , também , dentro de as quatro linhas , entre jogadores , técnicos , juízes etc . ;Importante ; lembrar;que ;;a violência  /   afirmou /  ontem que 
16;61;Importante lembrar que a violência , hoje , acontece fora de os estádios , en as torcidas e , também , dentro de as quatro linhas , entre jogadores , técnicos , juízes etc . ;Importante ; lembrar;que ;;a violência  /   afirmou /  que 
17;61;Importante lembrar que a violência , hoje , acontece fora de os estádios , en as torcidas e , também , dentro de as quatro linhas , entre jogadores , técnicos , juízes etc . ;Importante ; lembrar;que ;;a violência  /   declararam /  a a Receita en o exercício de 1992 
18;61;Importante lembrar que a violência , hoje , acontece fora de os estádios , en as torcidas e , também , dentro de as quatro linhas , entre jogadores , técnicos , juízes etc . ;Importante ; lembrar;que ;;a violência  /   hoje , acontece /  fora de os estádios 
19;61;Importante lembrar que a violência , hoje , acontece fora de os estádios , en as torcidas e , também , dentro de as quatro linhas , entre jogadores , técnicos , juízes etc . ;Importante ; lembrar;que ;;a violência  /   hoje , acontece /  fora de os estádios , en as torcidas e , também , dentro de as quatro linhas também , dentro de as quatro linhas , entre jogadores , técnicos , juízes etc 
20;61;Importante lembrar que a violência , hoje , acontece fora de os estádios , en as torcidas e , também , dentro de as quatro linhas , entre jogadores , técnicos , juízes etc . ;Importante ; lembrar;que ;;a violência  /   hoje , acontece /  fora en as torcidas e , também , dentro de as quatro linhas etc 
21;61;Importante lembrar que a violência , hoje , acontece fora de os estádios , en as torcidas e , também , dentro de as quatro linhas , entre jogadores , técnicos , juízes etc . ;Importante ; lembrar;que ;;a violência  /   hoje , acontece /  fora en as torcidas e , também , dentro de as quatro linhas técnicos 
22;61;Importante lembrar que a violência , hoje , acontece fora de os estádios , en as torcidas e , também , dentro de as quatro linhas , entre jogadores , técnicos , juízes etc . ;Importante ; lembrar;que ;;a violência  /   morreu /  em um acidente de carro 
23;61;Importante lembrar que a violência , hoje , acontece fora de os estádios , en as torcidas e , também , dentro de as quatro linhas , entre jogadores , técnicos , juízes etc . ;Importante ; lembrar;que ;;a violência  /   morreu /  en o dia 19 de abril em um acidente de carro 
24;61;Importante lembrar que a violência , hoje , acontece fora de os estádios , en as torcidas e , também , dentro de as quatro linhas , entre jogadores , técnicos , juízes etc . ;Importante ; lembrar;que ;;a violência  /   reajustaram /  seus preços como consequência de o dissídio salarial concedido a os seus trabalhadores 
25;61;Importante lembrar que a violência , hoje , acontece fora de os estádios , en as torcidas e , também , dentro de as quatro linhas , entre jogadores , técnicos , juízes etc . ;Importante ; lembrar;que ;;a violência  /   será deslocado /  para o pátio de o fundo , com direito a performance de o deejay Bid , mais Bartolo 
26;65;O diretor - presidente de a Splice , Antonio Beldi , afirmou ontem que a prefeitura ainda não pagou os US $ 600 mil referentes a a coleta de lixo en o bairro de a Penha ( zona leste ) en os meses de dezembro e janeiro . ;Antonio Beldi ; afirmou;ontem que ;;a prefeitura  /   /  
27;65;O diretor - presidente de a Splice , Antonio Beldi , afirmou ontem que a prefeitura ainda não pagou os US $ 600 mil referentes a a coleta de lixo en o bairro de a Penha ( zona leste ) en os meses de dezembro e janeiro . ;Antonio Beldi ; afirmou;ontem que ;;a prefeitura  /   acumulam /  redução de 1,91 % en o mês 
28;65;O diretor - presidente de a Splice , Antonio Beldi , afirmou ontem que a prefeitura ainda não pagou os US $ 600 mil referentes a a coleta de lixo en o bairro de a Penha ( zona leste ) en os meses de dezembro e janeiro . ;Antonio Beldi ; afirmou;ontem que ;;a prefeitura  /   afirmou /  ontem que 
29;65;O diretor - presidente de a Splice , Antonio Beldi , afirmou ontem que a prefeitura ainda não pagou os US $ 600 mil referentes a a coleta de lixo en o bairro de a Penha ( zona leste ) en os meses de dezembro e janeiro . ;Antonio Beldi ; afirmou;ontem que ;;a prefeitura  /   afirmou /  que 
30;65;O diretor - presidente de a Splice , Antonio Beldi , afirmou ontem que a prefeitura ainda não pagou os US $ 600 mil referentes a a coleta de lixo en o bairro de a Penha ( zona leste ) en os meses de dezembro e janeiro . ;Antonio Beldi ; afirmou;ontem que ;;a prefeitura  /   ainda não pagou /  os US $ 600 mil 
31;65;O diretor - presidente de a Splice , Antonio Beldi , afirmou ontem que a prefeitura ainda não pagou os US $ 600 mil referentes a a coleta de lixo en o bairro de a Penha ( zona leste ) en os meses de dezembro e janeiro . ;Antonio Beldi ; afirmou;ontem que ;;a prefeitura  /   ainda não pagou /  os US $ 600 mil referentes a a coleta de lixo 
32;65;O diretor - presidente de a Splice , Antonio Beldi , afirmou ontem que a prefeitura ainda não pagou os US $ 600 mil referentes a a coleta de lixo en o bairro de a Penha ( zona leste ) en os meses de dezembro e janeiro . ;Antonio Beldi ; afirmou;ontem que ;;a prefeitura  /   ainda não pagou /  os US $ 600 mil referentes a a coleta de lixo en o bairro de a Penha ( zona leste ) 
33;65;O diretor - presidente de a Splice , Antonio Beldi , afirmou ontem que a prefeitura ainda não pagou os US $ 600 mil referentes a a coleta de lixo en o bairro de a Penha ( zona leste ) en os meses de dezembro e janeiro . ;Antonio Beldi ; afirmou;ontem que ;;a prefeitura  /   ainda não pagou /  os US $ 600 mil referentes a a coleta de lixo en o bairro de a Penha ( zona leste ) en os meses de dezembro 
34;65;O diretor - presidente de a Splice , Antonio Beldi , afirmou ontem que a prefeitura ainda não pagou os US $ 600 mil referentes a a coleta de lixo en o bairro de a Penha ( zona leste ) en os meses de dezembro e janeiro . ;Antonio Beldi ; afirmou;ontem que ;;a prefeitura  /   ainda não pagou /  os US $ 600 mil referentes a a coleta de lixo en o bairro de a Penha ( zona leste ) en os meses de dezembro e janeiro 
35;65;O diretor - presidente de a Splice , Antonio Beldi , afirmou ontem que a prefeitura ainda não pagou os US $ 600 mil referentes a a coleta de lixo en o bairro de a Penha ( zona leste ) en os meses de dezembro e janeiro . ;Antonio Beldi ; afirmou;ontem que ;;a prefeitura  /   ainda não pagou /  os US $ 600 mil referentes a a coleta de lixo en o bairro de a Penha ( zona leste ) en os meses de janeiro 
36;65;O diretor - presidente de a Splice , Antonio Beldi , afirmou ontem que a prefeitura ainda não pagou os US $ 600 mil referentes a a coleta de lixo en o bairro de a Penha ( zona leste ) en os meses de dezembro e janeiro . ;Antonio Beldi ; afirmou;ontem que ;;a prefeitura  /   é a primeira vez /  desde 1930 
37;65;O diretor - presidente de a Splice , Antonio Beldi , afirmou ontem que a prefeitura ainda não pagou os US $ 600 mil referentes a a coleta de lixo en o bairro de a Penha ( zona leste ) en os meses de dezembro e janeiro . ;Antonio Beldi ; afirmou;ontem que ;;a prefeitura  /   fique /  com falsa impressão 
38;65;O diretor - presidente de a Splice , Antonio Beldi , afirmou ontem que a prefeitura ainda não pagou os US $ 600 mil referentes a a coleta de lixo en o bairro de a Penha ( zona leste ) en os meses de dezembro e janeiro . ;Antonio Beldi ; afirmou;ontem que ;;a prefeitura  /   foi ajudada /  por a retração de 1,69 % en os preços de os produtos de higiene pessoal , que acumulam redução de 1,91 % 
39;65;O diretor - presidente de a Splice , Antonio Beldi , afirmou ontem que a prefeitura ainda não pagou os US $ 600 mil referentes a a coleta de lixo en o bairro de a Penha ( zona leste ) en os meses de dezembro e janeiro . ;Antonio Beldi ; afirmou;ontem que ;;a prefeitura  /   foi ajudada /  por a retração en os preços de os produtos , que acumulam redução en o mês 
40;65;O diretor - presidente de a Splice , Antonio Beldi , afirmou ontem que a prefeitura ainda não pagou os US $ 600 mil referentes a a coleta de lixo en o bairro de a Penha ( zona leste ) en os meses de dezembro e janeiro . ;Antonio Beldi ; afirmou;ontem que ;;a prefeitura  /   foi ajudada /  por a retração en os preços de os produtos de higiene pessoal 
41;65;O diretor - presidente de a Splice , Antonio Beldi , afirmou ontem que a prefeitura ainda não pagou os US $ 600 mil referentes a a coleta de lixo en o bairro de a Penha ( zona leste ) en os meses de dezembro e janeiro . ;Antonio Beldi ; afirmou;ontem que ;;a prefeitura  /   fugiram /  após derrota para forças controladas por ex - comunistas 
42;65;O diretor - presidente de a Splice , Antonio Beldi , afirmou ontem que a prefeitura ainda não pagou os US $ 600 mil referentes a a coleta de lixo en o bairro de a Penha ( zona leste ) en os meses de dezembro e janeiro . ;Antonio Beldi ; afirmou;ontem que ;;a prefeitura  /   fugiram /  de o Tadjiquistão 
43;65;O diretor - presidente de a Splice , Antonio Beldi , afirmou ontem que a prefeitura ainda não pagou os US $ 600 mil referentes a a coleta de lixo en o bairro de a Penha ( zona leste ) en os meses de dezembro e janeiro . ;Antonio Beldi ; afirmou;ontem que ;;a prefeitura  /   fugiram /  em 1992 
44;65;O diretor - presidente de a Splice , Antonio Beldi , afirmou ontem que a prefeitura ainda não pagou os US $ 600 mil referentes a a coleta de lixo en o bairro de a Penha ( zona leste ) en os meses de dezembro e janeiro . ;Antonio Beldi ; afirmou;ontem que ;;a prefeitura  /   fugiram /  em 1992 de o Tadjiquistão para o Afeganistão 
45;65;O diretor - presidente de a Splice , Antonio Beldi , afirmou ontem que a prefeitura ainda não pagou os US $ 600 mil referentes a a coleta de lixo en o bairro de a Penha ( zona leste ) en os meses de dezembro e janeiro . ;Antonio Beldi ; afirmou;ontem que ;;a prefeitura  /   gosta /  de colocar azeitona en a empada de seus adversários 
46;65;O diretor - presidente de a Splice , Antonio Beldi , afirmou ontem que a prefeitura ainda não pagou os US $ 600 mil referentes a a coleta de lixo en o bairro de a Penha ( zona leste ) en os meses de dezembro e janeiro . ;Antonio Beldi ; afirmou;ontem que ;;a prefeitura  /   gosta /  de colocar en a empada de seus adversários 
47;65;O diretor - presidente de a Splice , Antonio Beldi , afirmou ontem que a prefeitura ainda não pagou os US $ 600 mil referentes a a coleta de lixo en o bairro de a Penha ( zona leste ) en os meses de dezembro e janeiro . ;Antonio Beldi ; afirmou;que ;;a prefeitura  /   /  
48;65;O diretor - presidente de a Splice , Antonio Beldi , afirmou ontem que a prefeitura ainda não pagou os US $ 600 mil referentes a a coleta de lixo en o bairro de a Penha ( zona leste ) en os meses de dezembro e janeiro . ;Antonio Beldi ; afirmou;que ;;a prefeitura  /   afirma /  que 
49;65;O diretor - presidente de a Splice , Antonio Beldi , afirmou ontem que a prefeitura ainda não pagou os US $ 600 mil referentes a a coleta de lixo en o bairro de a Penha ( zona leste ) en os meses de dezembro e janeiro . ;Antonio Beldi ; afirmou;que ;;a prefeitura  /   afirmou /  ontem que 
50;65;O diretor - presidente de a Splice , Antonio Beldi , afirmou ontem que a prefeitura ainda não pagou os US $ 600 mil referentes a a coleta de lixo en o bairro de a Penha ( zona leste ) en os meses de dezembro e janeiro . ;Antonio Beldi ; afirmou;que ;;a prefeitura  /   afirmou /  que 
51;65;O diretor - presidente de a Splice , Antonio Beldi , afirmou ontem que a prefeitura ainda não pagou os US $ 600 mil referentes a a coleta de lixo en o bairro de a Penha ( zona leste ) en os meses de dezembro e janeiro . ;Antonio Beldi ; afirmou;que ;;a prefeitura  /   ainda não pagou /  os US $ 600 mil 
52;65;O diretor - presidente de a Splice , Antonio Beldi , afirmou ontem que a prefeitura ainda não pagou os US $ 600 mil referentes a a coleta de lixo en o bairro de a Penha ( zona leste ) en os meses de dezembro e janeiro . ;Antonio Beldi ; afirmou;que ;;a prefeitura  /   ainda não pagou /  os US $ 600 mil referentes a a coleta de lixo 
53;65;O diretor - presidente de a Splice , Antonio Beldi , afirmou ontem que a prefeitura ainda não pagou os US $ 600 mil referentes a a coleta de lixo en o bairro de a Penha ( zona leste ) en os meses de dezembro e janeiro . ;Antonio Beldi ; afirmou;que ;;a prefeitura  /   ainda não pagou /  os US $ 600 mil referentes a a coleta de lixo en o bairro de a Penha ( zona leste ) 
54;65;O diretor - presidente de a Splice , Antonio Beldi , afirmou ontem que a prefeitura ainda não pagou os US $ 600 mil referentes a a coleta de lixo en o bairro de a Penha ( zona leste ) en os meses de dezembro e janeiro . ;Antonio Beldi ; afirmou;que ;;a prefeitura  /   ainda não pagou /  os US $ 600 mil referentes a a coleta de lixo en o bairro de a Penha ( zona leste ) en os meses de dezembro 
55;65;O diretor - presidente de a Splice , Antonio Beldi , afirmou ontem que a prefeitura ainda não pagou os US $ 600 mil referentes a a coleta de lixo en o bairro de a Penha ( zona leste ) en os meses de dezembro e janeiro . ;Antonio Beldi ; afirmou;que ;;a prefeitura  /   ainda não pagou /  os US $ 600 mil referentes a a coleta de lixo en o bairro de a Penha ( zona leste ) en os meses de dezembro e janeiro 
56;65;O diretor - presidente de a Splice , Antonio Beldi , afirmou ontem que a prefeitura ainda não pagou os US $ 600 mil referentes a a coleta de lixo en o bairro de a Penha ( zona leste ) en os meses de dezembro e janeiro . ;Antonio Beldi ; afirmou;que ;;a prefeitura  /   ainda não pagou /  os US $ 600 mil referentes a a coleta de lixo en o bairro de a Penha ( zona leste ) en os meses de janeiro 
57;65;O diretor - presidente de a Splice , Antonio Beldi , afirmou ontem que a prefeitura ainda não pagou os US $ 600 mil referentes a a coleta de lixo en o bairro de a Penha ( zona leste ) en os meses de dezembro e janeiro . ;Antonio Beldi ; afirmou;que ;;a prefeitura  /   alugada /  por a própria Unesp 
58;65;O diretor - presidente de a Splice , Antonio Beldi , afirmou ontem que a prefeitura ainda não pagou os US $ 600 mil referentes a a coleta de lixo en o bairro de a Penha ( zona leste ) en os meses de dezembro e janeiro . ;Antonio Beldi ; afirmou;que ;;a prefeitura  /   conseguem /  avançar além de a fase inicial de um campeonato mundial de futebol que 
59;65;O diretor - presidente de a Splice , Antonio Beldi , afirmou ontem que a prefeitura ainda não pagou os US $ 600 mil referentes a a coleta de lixo en o bairro de a Penha ( zona leste ) en os meses de dezembro e janeiro . ;Antonio Beldi ; afirmou;que ;;a prefeitura  /   é /  Rubens Ricupero 
60;65;O diretor - presidente de a Splice , Antonio Beldi , afirmou ontem que a prefeitura ainda não pagou os US $ 600 mil referentes a a coleta de lixo en o bairro de a Penha ( zona leste ) en os meses de dezembro e janeiro . ;Antonio Beldi ; afirmou;que ;;a prefeitura  /   é a primeira vez /  desde 1930 
61;65;O diretor - presidente de a Splice , Antonio Beldi , afirmou ontem que a prefeitura ainda não pagou os US $ 600 mil referentes a a coleta de lixo en o bairro de a Penha ( zona leste ) en os meses de dezembro e janeiro . ;Antonio Beldi ; afirmou;que ;;a prefeitura  /   é a primeira vez /  que os EUA conseguem avançar além de a fase inicial de um campeonato mundial de futebol 
62;65;O diretor - presidente de a Splice , Antonio Beldi , afirmou ontem que a prefeitura ainda não pagou os US $ 600 mil referentes a a coleta de lixo en o bairro de a Penha ( zona leste ) en os meses de dezembro e janeiro . ;Antonio Beldi ; afirmou;que ;;a prefeitura  /   gosta /  de colocar azeitona en a empada de seus adversários 
63;65;O diretor - presidente de a Splice , Antonio Beldi , afirmou ontem que a prefeitura ainda não pagou os US $ 600 mil referentes a a coleta de lixo en o bairro de a Penha ( zona leste ) en os meses de dezembro e janeiro . ;Antonio Beldi ; afirmou;que ;;a prefeitura  /   gosta /  de colocar en a empada de seus adversários 
64;65;O diretor - presidente de a Splice , Antonio Beldi , afirmou ontem que a prefeitura ainda não pagou os US $ 600 mil referentes a a coleta de lixo en o bairro de a Penha ( zona leste ) en os meses de dezembro e janeiro . ;Antonio Beldi ; afirmou;que ;;a prefeitura  /   negou /  que 
65;65;O diretor - presidente de a Splice , Antonio Beldi , afirmou ontem que a prefeitura ainda não pagou os US $ 600 mil referentes a a coleta de lixo en o bairro de a Penha ( zona leste ) en os meses de dezembro e janeiro . ;Antonio Beldi ; afirmou;que ;;a prefeitura  /   tem /  uma imensa infiltração de água 
66;65;O diretor - presidente de a Splice , Antonio Beldi , afirmou ontem que a prefeitura ainda não pagou os US $ 600 mil referentes a a coleta de lixo en o bairro de a Penha ( zona leste ) en os meses de dezembro e janeiro . ;O diretor - presidente de a Splice ; afirmou;ontem que ;;a prefeitura  /   afirmou /  ontem que 
67;65;O diretor - presidente de a Splice , Antonio Beldi , afirmou ontem que a prefeitura ainda não pagou os US $ 600 mil referentes a a coleta de lixo en o bairro de a Penha ( zona leste ) en os meses de dezembro e janeiro . ;O diretor - presidente de a Splice ; afirmou;ontem que ;;a prefeitura  /   afirmou /  que 
68;65;O diretor - presidente de a Splice , Antonio Beldi , afirmou ontem que a prefeitura ainda não pagou os US $ 600 mil referentes a a coleta de lixo en o bairro de a Penha ( zona leste ) en os meses de dezembro e janeiro . ;O diretor - presidente de a Splice ; afirmou;ontem que ;;a prefeitura  /   ainda não pagou /  os US $ 600 mil 
69;65;O diretor - presidente de a Splice , Antonio Beldi , afirmou ontem que a prefeitura ainda não pagou os US $ 600 mil referentes a a coleta de lixo en o bairro de a Penha ( zona leste ) en os meses de dezembro e janeiro . ;O diretor - presidente de a Splice ; afirmou;ontem que ;;a prefeitura  /   ainda não pagou /  os US $ 600 mil referentes a a coleta de lixo 
70;65;O diretor - presidente de a Splice , Antonio Beldi , afirmou ontem que a prefeitura ainda não pagou os US $ 600 mil referentes a a coleta de lixo en o bairro de a Penha ( zona leste ) en os meses de dezembro e janeiro . ;O diretor - presidente de a Splice ; afirmou;ontem que ;;a prefeitura  /   ainda não pagou /  os US $ 600 mil referentes a a coleta de lixo en o bairro de a Penha ( zona leste ) 
71;65;O diretor - presidente de a Splice , Antonio Beldi , afirmou ontem que a prefeitura ainda não pagou os US $ 600 mil referentes a a coleta de lixo en o bairro de a Penha ( zona leste ) en os meses de dezembro e janeiro . ;O diretor - presidente de a Splice ; afirmou;ontem que ;;a prefeitura  /   ainda não pagou /  os US $ 600 mil referentes a a coleta de lixo en o bairro de a Penha ( zona leste ) en os meses de dezembro 
72;65;O diretor - presidente de a Splice , Antonio Beldi , afirmou ontem que a prefeitura ainda não pagou os US $ 600 mil referentes a a coleta de lixo en o bairro de a Penha ( zona leste ) en os meses de dezembro e janeiro . ;O diretor - presidente de a Splice ; afirmou;ontem que ;;a prefeitura  /   ainda não pagou /  os US $ 600 mil referentes a a coleta de lixo en o bairro de a Penha ( zona leste ) en os meses de dezembro e janeiro 
73;65;O diretor - presidente de a Splice , Antonio Beldi , afirmou ontem que a prefeitura ainda não pagou os US $ 600 mil referentes a a coleta de lixo en o bairro de a Penha ( zona leste ) en os meses de dezembro e janeiro . ;O diretor - presidente de a Splice ; afirmou;ontem que ;;a prefeitura  /   ainda não pagou /  os US $ 600 mil referentes a a coleta de lixo en o bairro de a Penha ( zona leste ) en os meses de janeiro 
74;65;O diretor - presidente de a Splice , Antonio Beldi , afirmou ontem que a prefeitura ainda não pagou os US $ 600 mil referentes a a coleta de lixo en o bairro de a Penha ( zona leste ) en os meses de dezembro e janeiro . ;O diretor - presidente de a Splice ; afirmou;ontem que ;;a prefeitura  /   declararam /  a a Receita en o exercício de 1992 
75;65;O diretor - presidente de a Splice , Antonio Beldi , afirmou ontem que a prefeitura ainda não pagou os US $ 600 mil referentes a a coleta de lixo en o bairro de a Penha ( zona leste ) en os meses de dezembro e janeiro . ;O diretor - presidente de a Splice ; afirmou;ontem que ;;a prefeitura  /   hoje , acontece /  fora de os estádios 
76;65;O diretor - presidente de a Splice , Antonio Beldi , afirmou ontem que a prefeitura ainda não pagou os US $ 600 mil referentes a a coleta de lixo en o bairro de a Penha ( zona leste ) en os meses de dezembro e janeiro . ;O diretor - presidente de a Splice ; afirmou;ontem que ;;a prefeitura  /   hoje , acontece /  fora de os estádios , en as torcidas e , também , dentro de as quatro linhas também , dentro de as quatro linhas , entre jogadores , técnicos , juízes etc 
77;65;O diretor - presidente de a Splice , Antonio Beldi , afirmou ontem que a prefeitura ainda não pagou os US $ 600 mil referentes a a coleta de lixo en o bairro de a Penha ( zona leste ) en os meses de dezembro e janeiro . ;O diretor - presidente de a Splice ; afirmou;ontem que ;;a prefeitura  /   hoje , acontece /  fora en as torcidas e , também , dentro de as quatro linhas etc 
78;65;O diretor - presidente de a Splice , Antonio Beldi , afirmou ontem que a prefeitura ainda não pagou os US $ 600 mil referentes a a coleta de lixo en o bairro de a Penha ( zona leste ) en os meses de dezembro e janeiro . ;O diretor - presidente de a Splice ; afirmou;ontem que ;;a prefeitura  /   hoje , acontece /  fora en as torcidas e , também , dentro de as quatro linhas técnicos 
79;65;O diretor - presidente de a Splice , Antonio Beldi , afirmou ontem que a prefeitura ainda não pagou os US $ 600 mil referentes a a coleta de lixo en o bairro de a Penha ( zona leste ) en os meses de dezembro e janeiro . ;O diretor - presidente de a Splice ; afirmou;ontem que ;;a prefeitura  /   morreu /  en o dia 19 de abril em um acidente de carro 
80;65;O diretor - presidente de a Splice , Antonio Beldi , afirmou ontem que a prefeitura ainda não pagou os US $ 600 mil referentes a a coleta de lixo en o bairro de a Penha ( zona leste ) en os meses de dezembro e janeiro . ;O diretor - presidente de a Splice ; afirmou;ontem que ;;a prefeitura  /   reajustaram /  seus preços como consequência de o dissídio salarial concedido a os seus trabalhadores 
81;65;O diretor - presidente de a Splice , Antonio Beldi , afirmou ontem que a prefeitura ainda não pagou os US $ 600 mil referentes a a coleta de lixo en o bairro de a Penha ( zona leste ) en os meses de dezembro e janeiro . ;O diretor - presidente de a Splice ; afirmou;que ;;a prefeitura  /   afirmou /  ontem que 
82;65;O diretor - presidente de a Splice , Antonio Beldi , afirmou ontem que a prefeitura ainda não pagou os US $ 600 mil referentes a a coleta de lixo en o bairro de a Penha ( zona leste ) en os meses de dezembro e janeiro . ;O diretor - presidente de a Splice ; afirmou;que ;;a prefeitura  /   afirmou /  que 
83;65;O diretor - presidente de a Splice , Antonio Beldi , afirmou ontem que a prefeitura ainda não pagou os US $ 600 mil referentes a a coleta de lixo en o bairro de a Penha ( zona leste ) en os meses de dezembro e janeiro . ;O diretor - presidente de a Splice ; afirmou;que ;;a prefeitura  /   ainda não pagou /  os US $ 600 mil 
84;65;O diretor - presidente de a Splice , Antonio Beldi , afirmou ontem que a prefeitura ainda não pagou os US $ 600 mil referentes a a coleta de lixo en o bairro de a Penha ( zona leste ) en os meses de dezembro e janeiro . ;O diretor - presidente de a Splice ; afirmou;que ;;a prefeitura  /   ainda não pagou /  os US $ 600 mil referentes a a coleta de lixo 
85;65;O diretor - presidente de a Splice , Antonio Beldi , afirmou ontem que a prefeitura ainda não pagou os US $ 600 mil referentes a a coleta de lixo en o bairro de a Penha ( zona leste ) en os meses de dezembro e janeiro . ;O diretor - presidente de a Splice ; afirmou;que ;;a prefeitura  /   ainda não pagou /  os US $ 600 mil referentes a a coleta de lixo en o bairro de a Penha ( zona leste ) 
86;65;O diretor - presidente de a Splice , Antonio Beldi , afirmou ontem que a prefeitura ainda não pagou os US $ 600 mil referentes a a coleta de lixo en o bairro de a Penha ( zona leste ) en os meses de dezembro e janeiro . ;O diretor - presidente de a Splice ; afirmou;que ;;a prefeitura  /   ainda não pagou /  os US $ 600 mil referentes a a coleta de lixo en o bairro de a Penha ( zona leste ) en os meses de dezembro 
87;65;O diretor - presidente de a Splice , Antonio Beldi , afirmou ontem que a prefeitura ainda não pagou os US $ 600 mil referentes a a coleta de lixo en o bairro de a Penha ( zona leste ) en os meses de dezembro e janeiro . ;O diretor - presidente de a Splice ; afirmou;que ;;a prefeitura  /   ainda não pagou /  os US $ 600 mil referentes a a coleta de lixo en o bairro de a Penha ( zona leste ) en os meses de dezembro e janeiro 
88;65;O diretor - presidente de a Splice , Antonio Beldi , afirmou ontem que a prefeitura ainda não pagou os US $ 600 mil referentes a a coleta de lixo en o bairro de a Penha ( zona leste ) en os meses de dezembro e janeiro . ;O diretor - presidente de a Splice ; afirmou;que ;;a prefeitura  /   ainda não pagou /  os US $ 600 mil referentes a a coleta de lixo en o bairro de a Penha ( zona leste ) en os meses de janeiro 
89;65;O diretor - presidente de a Splice , Antonio Beldi , afirmou ontem que a prefeitura ainda não pagou os US $ 600 mil referentes a a coleta de lixo en o bairro de a Penha ( zona leste ) en os meses de dezembro e janeiro . ;O diretor - presidente de a Splice ; afirmou;que ;;a prefeitura  /   é /  Zé Roberto 
90;65;O diretor - presidente de a Splice , Antonio Beldi , afirmou ontem que a prefeitura ainda não pagou os US $ 600 mil referentes a a coleta de lixo en o bairro de a Penha ( zona leste ) en os meses de dezembro e janeiro . ;O diretor - presidente de a Splice ; afirmou;que ;;a prefeitura  /   foi ajudada /  por a retração de 1,69 % 
91;65;O diretor - presidente de a Splice , Antonio Beldi , afirmou ontem que a prefeitura ainda não pagou os US $ 600 mil referentes a a coleta de lixo en o bairro de a Penha ( zona leste ) en os meses de dezembro e janeiro . ;O diretor - presidente de a Splice ; afirmou;que ;;a prefeitura  /   foi ajudada /  por a retração de 1,69 % en os preços de os produtos de higiene pessoal , que acumulam redução de 1,91 % 
92;65;O diretor - presidente de a Splice , Antonio Beldi , afirmou ontem que a prefeitura ainda não pagou os US $ 600 mil referentes a a coleta de lixo en o bairro de a Penha ( zona leste ) en os meses de dezembro e janeiro . ;O diretor - presidente de a Splice ; afirmou;que ;;a prefeitura  /   foi ajudada /  por a retração en os preços de os produtos , que acumulam redução en o mês 
93;65;O diretor - presidente de a Splice , Antonio Beldi , afirmou ontem que a prefeitura ainda não pagou os US $ 600 mil referentes a a coleta de lixo en o bairro de a Penha ( zona leste ) en os meses de dezembro e janeiro . ;O diretor - presidente de a Splice ; afirmou;que ;;a prefeitura  /   foi ajudada /  por a retração en os preços de os produtos de higiene pessoal 
94;65;O diretor - presidente de a Splice , Antonio Beldi , afirmou ontem que a prefeitura ainda não pagou os US $ 600 mil referentes a a coleta de lixo en o bairro de a Penha ( zona leste ) en os meses de dezembro e janeiro . ;O diretor - presidente de a Splice ; afirmou;que ;;a prefeitura  /   morreu /  em um acidente de carro 
95;74;Esta é a primeira vez desde 1930 que os EUA conseguem avançar além de a fase inicial de um campeonato mundial de futebol . ;Esta ; é a primeira vez;desde 1930 que ;;os EUA  /   estão marcados /  por o compromisso em envolver a sociedade como um todo 
96;74;Esta é a primeira vez desde 1930 que os EUA conseguem avançar além de a fase inicial de um campeonato mundial de futebol . ;Esta ; é a primeira vez;que ;;os EUA  /   estão marcados /  em envolver como um todo 
97;76;Ela afirma que as escolas e as pessoas não podem ficar imunes a a tecnologia . ;Ela ; afirma;que ;;as escolas  /   /  
98;76;Ela afirma que as escolas e as pessoas não podem ficar imunes a a tecnologia . ;Ela ; afirma;que ;;as escolas  /   é a primeira vez /  desde 1930 
99;76;Ela afirma que as escolas e as pessoas não podem ficar imunes a a tecnologia . ;Ela ; afirma;que ;;as escolas e as pessoas  /   acompanham /  os Stones 
100;76;Ela afirma que as escolas e as pessoas não podem ficar imunes a a tecnologia . ;Ela ; afirma;que ;;as escolas e as pessoas  /   gosta /  de colocar en a empada de seus adversários 
101;76;Ela afirma que as escolas e as pessoas não podem ficar imunes a a tecnologia . ;Ela ; afirma;que ;;as escolas e as pessoas  /   não podem ficar /  imunes a a tecnologia 
102;78;O ministro Rubens Ricupero ( Fazenda ) negou que os recursos tenham sido desviados para fins não - sociais . ;( Fazenda ) ; negou;que ;;os recursos  /   /  
103;78;O ministro Rubens Ricupero ( Fazenda ) negou que os recursos tenham sido desviados para fins não - sociais . ;( Fazenda ) ; negou;que ;;os recursos  /   disse /  que 
104;78;O ministro Rubens Ricupero ( Fazenda ) negou que os recursos tenham sido desviados para fins não - sociais . ;( Fazenda ) ; negou;que ;;os recursos  /   é /  Rubens Ricupero 
105;78;O ministro Rubens Ricupero ( Fazenda ) negou que os recursos tenham sido desviados para fins não - sociais . ;( Fazenda ) ; negou;que ;;os recursos  /   está /  para dança 
106;78;O ministro Rubens Ricupero ( Fazenda ) negou que os recursos tenham sido desviados para fins não - sociais . ;( Fazenda ) ; negou;que ;;os recursos  /   negou /  que 
107;78;O ministro Rubens Ricupero ( Fazenda ) negou que os recursos tenham sido desviados para fins não - sociais . ;( Fazenda ) ; negou;que ;;os recursos  /   são cantadas /  e a marcha está mais para dança 
108;78;O ministro Rubens Ricupero ( Fazenda ) negou que os recursos tenham sido desviados para fins não - sociais . ;( Fazenda ) ; negou;que ;;os recursos  /   tenham sido desviados /  para fins não - sociais 
109;78;O ministro Rubens Ricupero ( Fazenda ) negou que os recursos tenham sido desviados para fins não - sociais . ;( Fazenda ) ; negou;que ;;os recursos  /   terminou /  e o esporte viveu um novo momento de euforia 
110;78;O ministro Rubens Ricupero ( Fazenda ) negou que os recursos tenham sido desviados para fins não - sociais . ;( Fazenda ) ; negou;que ;;os recursos  /   veio /  como medida saneadora 
111;78;O ministro Rubens Ricupero ( Fazenda ) negou que os recursos tenham sido desviados para fins não - sociais . ;( Fazenda ) ; negou;que ;;os recursos  /   veio /  como medida saneadora pois permite enfrentar com maior firmeza um problema solução era repetidamente adiada por motivos políticos 
112;78;O ministro Rubens Ricupero ( Fazenda ) negou que os recursos tenham sido desviados para fins não - sociais . ;( Fazenda ) ; negou;que ;;os recursos  /   veio /  pois permite enfrentar um problema solução era repetidamente adiada por motivos políticos 
113;78;O ministro Rubens Ricupero ( Fazenda ) negou que os recursos tenham sido desviados para fins não - sociais . ;( Fazenda ) ; negou;que ;;os recursos  /   viabiliza /  a candidatura de Esperidião Amin a a Presidência 
114;78;O ministro Rubens Ricupero ( Fazenda ) negou que os recursos tenham sido desviados para fins não - sociais . ;O ministro ; negou;que ;;os recursos  /   é a primeira vez /  que os EUA conseguem avançar além de a fase inicial de um campeonato mundial de futebol 
115;78;O ministro Rubens Ricupero ( Fazenda ) negou que os recursos tenham sido desviados para fins não - sociais . ;O ministro ; negou;que ;;os recursos  /   Jagger entediado /  com seus shows , tocando tamborins a o lado de Richards em um avião 
116;78;O ministro Rubens Ricupero ( Fazenda ) negou que os recursos tenham sido desviados para fins não - sociais . ;O ministro ; negou;que ;;os recursos  /   tem /  uma imensa infiltração de água 
117;78;O ministro Rubens Ricupero ( Fazenda ) negou que os recursos tenham sido desviados para fins não - sociais . ;O ministro ; negou;que ;;os recursos  /   tenham sido desviados /  para fins não - sociais 
118;78;O ministro Rubens Ricupero ( Fazenda ) negou que os recursos tenham sido desviados para fins não - sociais . ;O ministro ; negou;que ;;os recursos  /   viveu /  um novo momento de euforia 
119;78;O ministro Rubens Ricupero ( Fazenda ) negou que os recursos tenham sido desviados para fins não - sociais . ;Rubens Ricupero ; negou;que ;;os recursos  /   /  
120;78;O ministro Rubens Ricupero ( Fazenda ) negou que os recursos tenham sido desviados para fins não - sociais . ;Rubens Ricupero ; negou;que ;;os recursos  /   acabem virando pó /  mesmo 
121;78;O ministro Rubens Ricupero ( Fazenda ) negou que os recursos tenham sido desviados para fins não - sociais . ;Rubens Ricupero ; negou;que ;;os recursos  /   afirma /  que 
122;78;O ministro Rubens Ricupero ( Fazenda ) negou que os recursos tenham sido desviados para fins não - sociais . ;Rubens Ricupero ; negou;que ;;os recursos  /   alugada /  por a própria Unesp 
123;78;O ministro Rubens Ricupero ( Fazenda ) negou que os recursos tenham sido desviados para fins não - sociais . ;Rubens Ricupero ; negou;que ;;os recursos  /   conseguem /  avançar além de a fase inicial de um campeonato mundial de futebol que 
124;78;O ministro Rubens Ricupero ( Fazenda ) negou que os recursos tenham sido desviados para fins não - sociais . ;Rubens Ricupero ; negou;que ;;os recursos  /   é /  Rubens Ricupero 
125;78;O ministro Rubens Ricupero ( Fazenda ) negou que os recursos tenham sido desviados para fins não - sociais . ;Rubens Ricupero ; negou;que ;;os recursos  /   era repetidamente adiada /  por motivos políticos 
126;78;O ministro Rubens Ricupero ( Fazenda ) negou que os recursos tenham sido desviados para fins não - sociais . ;Rubens Ricupero ; negou;que ;;os recursos  /   Jagger entediado /  tocando a o lado de Richards 
127;78;O ministro Rubens Ricupero ( Fazenda ) negou que os recursos tenham sido desviados para fins não - sociais . ;Rubens Ricupero ; negou;que ;;os recursos  /   são atacadas /  por os roadies que acompanham os Stones 
128;78;O ministro Rubens Ricupero ( Fazenda ) negou que os recursos tenham sido desviados para fins não - sociais . ;Rubens Ricupero ; negou;que ;;os recursos  /   são cantadas /  durante todo o percurso 
129;78;O ministro Rubens Ricupero ( Fazenda ) negou que os recursos tenham sido desviados para fins não - sociais . ;Rubens Ricupero ; negou;que ;;os recursos  /   tem /  uma imensa infiltração de água 
130;78;O ministro Rubens Ricupero ( Fazenda ) negou que os recursos tenham sido desviados para fins não - sociais . ;Rubens Ricupero ; negou;que ;;os recursos  /   tenham sido desviados /  para fins não - sociais 
131;78;O ministro Rubens Ricupero ( Fazenda ) negou que os recursos tenham sido desviados para fins não - sociais . ;Rubens Ricupero ; negou;que ;;os recursos  /   terminou /  com uma grande repercussão 
132;78;O ministro Rubens Ricupero ( Fazenda ) negou que os recursos tenham sido desviados para fins não - sociais . ;Rubens Ricupero ; negou;que ;;os recursos  /   veio /  como medida saneadora pois permite enfrentar com maior firmeza 
133;78;O ministro Rubens Ricupero ( Fazenda ) negou que os recursos tenham sido desviados para fins não - sociais . ;Rubens Ricupero ; negou;que ;;os recursos  /   veio /  pois permite enfrentar com maior firmeza 
134;83;Drasco Todos jogadores que treinei sabem quem é Tostão , o melhor atacante de a história de o futebol para manter uma bola , organizar o jogo , fazer a tabela . ;Todos jogadores ; sabem;;;quem  /   estão marcados /  por o compromisso 
135;83;Drasco Todos jogadores que treinei sabem quem é Tostão , o melhor atacante de a história de o futebol para manter uma bola , organizar o jogo , fazer a tabela . ;Todos jogadores ; sabem;;;quem  /   estão marcados /  por o compromisso em envolver a sociedade como um todo 
136;83;Drasco Todos jogadores que treinei sabem quem é Tostão , o melhor atacante de a história de o futebol para manter uma bola , organizar o jogo , fazer a tabela . ;Todos jogadores ; sabem;;;quem  /   negou /  que 
137;85;O que se vê é um Jagger entediado com seus shows , tocando tamborins a o lado de Richards em um avião , enquanto garotas nuas são atacadas por os roadies que acompanham os Stones . ;O ; é um Jagger;enquanto ;;garotas nuas  /   foi reduzido /  de quinze filmes por ano , produzidos para os mais jovens 
138;85;O que se vê é um Jagger entediado com seus shows , tocando tamborins a o lado de Richards em um avião , enquanto garotas nuas são atacadas por os roadies que acompanham os Stones . ;O ; é um Jagger;entediado com seus shows , tocando tamborins a o lado de Richards em um avião enquanto ;;garotas nuas  /   foi reduzido /  de quinze filmes , produzidos para os mais jovens ou estreantes 
139;88;A intervenção veio como medida saneadora , pois permite enfrentar com maior firmeza um problema cuja solução era repetidamente adiada por motivos políticos . ;A intervenção ; veio;;;um problema  /   Jagger entediado /  tocando em um avião 
140;88;A intervenção veio como medida saneadora , pois permite enfrentar com maior firmeza um problema cuja solução era repetidamente adiada por motivos políticos . ;A intervenção ; veio;como medida saneadora pois permite enfrentar com maior firmeza ;;um problema  /   Jagger entediado /  tocando tamborins 
141;91;Medeiros , que participou de a reunião de ontem , disse que sua candidatura viabiliza a candidatura de Esperidião Amin a a Presidência . ;Medeiros ; disse;que ;;sua candidatura  /   deixou /  nossa pátria 
142;91;Medeiros , que participou de a reunião de ontem , disse que sua candidatura viabiliza a candidatura de Esperidião Amin a a Presidência . ;Medeiros ; disse;que ;;sua candidatura  /   disse /  
143;91;Medeiros , que participou de a reunião de ontem , disse que sua candidatura viabiliza a candidatura de Esperidião Amin a a Presidência . ;Medeiros ; disse;que ;;sua candidatura  /   foi reduzido /  de quinze filmes por ano , produzidos para estreantes Por sua vez 
144;91;Medeiros , que participou de a reunião de ontem , disse que sua candidatura viabiliza a candidatura de Esperidião Amin a a Presidência . ;Medeiros ; disse;que ;;sua candidatura  /   foi reduzido /  de quinze filmes por ano , produzidos para os mais jovens Por sua vez 
145;91;Medeiros , que participou de a reunião de ontem , disse que sua candidatura viabiliza a candidatura de Esperidião Amin a a Presidência . ;Medeiros ; disse;que ;;sua candidatura  /   terminou /  com uma grande repercussão e o esporte viveu um novo momento de euforia 
146;91;Medeiros , que participou de a reunião de ontem , disse que sua candidatura viabiliza a candidatura de Esperidião Amin a a Presidência . ;Medeiros ; disse;que ;;sua candidatura  /   veio /  como medida saneadora 
147;91;Medeiros , que participou de a reunião de ontem , disse que sua candidatura viabiliza a candidatura de Esperidião Amin a a Presidência . ;Medeiros ; disse;que ;;sua candidatura  /   veio /  como medida saneadora pois permite enfrentar com maior firmeza um problema solução era repetidamente adiada por motivos políticos 
148;91;Medeiros , que participou de a reunião de ontem , disse que sua candidatura viabiliza a candidatura de Esperidião Amin a a Presidência . ;Medeiros ; disse;que ;;sua candidatura  /   viabiliza /  a candidatura de Esperidião Amin 
149;91;Medeiros , que participou de a reunião de ontem , disse que sua candidatura viabiliza a candidatura de Esperidião Amin a a Presidência . ;Medeiros ; disse;que ;;sua candidatura  /   viabiliza /  a candidatura de Esperidião Amin a a Presidência 
150;91;Medeiros , que participou de a reunião de ontem , disse que sua candidatura viabiliza a candidatura de Esperidião Amin a a Presidência . ;Medeiros ; disse;que ;;sua candidatura  /   viveu /  um novo momento de euforia 
151;100;Os empresários e empregados de o ramo de papel em São Paulo , por exemplo , fundaram e administram um hospital de 220 leitos que custa , em média , apenas 10 % de o que a empresa recolhe para o INSS . ;Os empresários e empregados de o ramo de papel em São Paulo ; fundaram;;;a empresa  /   recolhe /  para o INSS 
